ticker,cotacao,valorizacao,pl,pvp,dy,roe,payout,mrg_liquida,mrg_bruta,margem_ebit,margem_ebitda,ev_ebitda,ev_ebit,p_ebitda,p_ebit,p_ativo,p_cap_giro,p_ativ_circ_liq,psr,vpa,lpa,giro_ativos,roic,roa,div_liq_patr,div_liq_ebitda,div_liq_ebit,div_bruta_patr,patr_ativos,passivos_ativos,liquidez_corrente,cagr_rec_5_anos,cagr_lucros_5_anos
VALE3,96.35,89.82,41.09,2.72,2.5,6.61,-8.0,7.26,46.69,19.07,30.9,10.32,16.73,9.66,15.65,1.13,13.16,-1.45,2.98,35.45,2.35,0.38,10.53,2.75,0.19,0.67,1.08,0.45,0.42,0.58,1.64,12.51,-1.42
PETR3,29.68,-6.16,-8.41,1.55,0.79,-18.39,-0.16,-17.07,44.15,-1.76,21.09,13.36,-160.44,6.81,-81.71,0.4,35.42,-0.48,1.44,19.19,-3.53,0.28,-3.8,-4.77,1.49,6.57,-78.83,1.79,0.26,0.74,1.08,-0.93,
ITUB3,25.18,-12.65,16.39,1.6,5.12,9.75,75.0,8.67,57.67,3.01,5.16,29.14,49.92,27.56,47.2,0.12,5.34,-0.13,1.42,15.76,1.54,0.09,-2.98,0.75,,,,,0.08,0.04,,-0.14,-7.31
ABEV3,15.27,-2.54,26.52,3.02,3.21,11.39,65.0,16.27,54.66,24.83,0.0,,15.71,,17.38,1.89,27.23,-2.73,4.32,5.06,0.58,0.44,17.03,7.13,-0.29,,-1.67,0.0,0.63,0.37,1.29,4.07,-6.31
BBDC3,22.17,-16.74,11.88,1.37,3.09,11.51,93.0,20.72,-2.98,0.53,0.0,,496.27,,464.72,0.14,1.13,-0.17,2.46,16.2,1.87,0.06,-11.07,1.21,,,,,0.1,1.05,11.43,-13.29,-1.66
WEGE3,83.95,89.14,82.44,15.45,0.48,18.75,42.0,13.06,30.48,15.41,17.99,59.32,69.27,59.87,69.91,9.25,26.47,-23.59,10.77,5.43,1.02,0.86,16.49,11.22,-0.14,-0.55,-0.65,0.17,0.6,0.4,2.35,11.8,13.84
SANB3,19.82,-4.76,10.57,1.75,2.14,16.56,0.0,14.17,16.13,7.82,0.0,,19.87,,19.17,0.15,-0.31,-0.18,1.5,11.32,1.87,0.1,-0.34,1.42,,,,,0.09,1.08,0.26,5.15,13.49
B3SA3,59.01,20.53,32.09,4.86,3.61,15.15,88.0,44.97,91.23,59.13,71.33,18.94,22.85,20.23,24.41,2.68,16.07,-4.15,14.43,12.14,1.84,0.19,12.24,8.34,-0.31,-1.29,-1.56,0.28,0.55,0.45,1.88,29.4,21.23
BBAS3,33.36,-29.99,7.64,0.82,4.41,10.72,40.0,12.88,17.8,7.55,0.0,,13.03,,13.03,0.05,0.57,-0.06,0.98,40.73,4.37,0.05,2.38,0.7,,,,,0.07,9.12,33.28,-10.38,7.64
BPAC11,109.32,47.58,34.65,3.8,0.94,10.98,17.0,21.9,-7.18,10.12,7.63,115.64,87.19,99.41,74.95,0.36,6.26,-1.25,7.59,28.75,3.16,0.05,-2.17,1.05,,,,,0.1,0.96,1.09,0.04,-9.56
ITSA3,11.42,-11.28,13.49,1.67,5.65,12.37,95.0,130.15,28.31,145.27,0.0,,11.47,,12.08,1.42,25.14,-1.58,17.55,6.85,0.85,0.08,13.5,10.54,,,,,0.85,0.15,2.32,3.15,-2.81
VIVT4,45.34,-19.31,16.13,1.1,2.96,6.8,123.0,10.97,47.91,15.26,41.33,4.59,12.43,4.28,11.6,0.7,35.18,-0.88,1.77,41.31,2.81,0.4,6.33,4.35,0.06,0.24,0.65,0.18,0.64,0.36,1.11,0.37,3.07
SUZB3,72.39,80.52,-9.2,13.43,0.0,-146.03,-22.0,-35.18,37.73,27.72,0.0,,19.23,,11.67,0.97,-15.45,-0.99,3.24,5.39,-7.87,0.3,1.89,-10.53,8.7,,7.56,9.94,0.07,1.1,0.22,25.25,
NTCO3,53.09,6.48,-89.35,2.96,0.0,-3.32,39.0,-2.76,65.37,2.73,0.0,,105.98,,90.42,1.13,30.65,-1.61,2.47,17.91,-0.59,0.46,1.11,-1.27,0.51,,15.57,0.83,0.38,0.62,1.14,,
JBSS3,27.64,27.51,24.03,1.71,1.96,7.14,0.0,1.22,17.04,7.89,10.77,4.62,6.31,2.72,3.72,0.44,2.82,-0.72,0.29,16.12,1.15,1.51,14.38,1.84,1.2,1.9,2.6,1.72,0.26,0.74,1.69,8.08,40.26
ELET3,30.05,-14.04,5.8,0.62,10.18,10.63,0.0,24.74,0.0,0.0,0.0,,,,,0.26,2.16,-0.35,1.44,48.68,5.18,0.18,0.0,4.47,0.47,,,0.67,0.42,0.58,1.88,-11.58,18.84
HAPV3,17.2,46.44,70.87,8.15,0.34,11.5,23.0,11.18,40.49,16.85,23.43,33.55,46.65,33.81,47.02,4.86,41.37,-6.57,7.92,2.11,0.24,0.61,10.46,6.86,-0.06,-0.27,-0.37,0.26,0.6,0.4,1.82,,
BBSE3,27.94,-12.09,14.51,8.75,4.84,60.26,102.0,0.0,0.0,0.0,0.0,,,,,5.13,72.99,-7.67,,3.19,1.93,0.0,-16.3,35.32,-0.38,,,0.0,0.59,0.41,1.27,,-0.83
RENT3,65.91,20.11,57.15,8.73,0.53,15.28,0.17,8.64,25.68,15.49,23.16,24.18,36.14,21.32,31.87,2.52,15.39,-3.59,4.94,7.55,1.15,0.51,7.69,4.4,1.17,2.86,4.27,1.94,0.29,0.71,2.22,17.93,16.4
BTOW3,86.38,19.97,-275.78,5.07,0.0,-1.84,0.0,-1.92,29.11,2.11,8.99,65.06,277.47,58.95,251.38,2.53,6.53,-7.21,5.3,17.04,-0.31,0.48,0.94,-0.92,0.53,6.12,26.08,0.53,0.5,0.5,2.49,1.18,
LAME3,18.87,-17.42,67.05,2.19,0.0,3.27,22.0,2.55,34.85,8.64,13.61,14.96,23.56,12.56,19.78,0.88,2.42,-2.38,1.71,8.62,0.28,0.51,5.16,1.31,0.0,0.01,0.01,1.0,0.4,0.6,2.33,2.63,79.98
MGLU3,25.5,75.59,482.85,22.47,0.2,4.65,0.2,1.35,26.91,3.46,5.62,114.71,186.3,115.58,187.7,7.6,45.58,-22.22,6.5,1.14,0.05,1.17,9.06,1.57,-0.17,-0.87,-1.4,0.23,0.34,0.66,1.34,21.81,31.72
RADL3,25.04,4.49,98.01,9.78,0.06,9.98,24.0,2.19,29.37,4.55,10.13,21.75,48.44,21.17,47.15,3.17,19.08,-6.19,2.14,2.56,0.26,1.48,13.35,3.24,0.27,0.58,1.29,0.41,0.32,0.68,1.52,11.38,-1.33
GNDI3,95.5,33.68,81.72,8.2,0.17,10.03,19.0,7.01,29.92,13.48,16.62,34.37,42.38,34.48,42.51,3.67,33.72,-5.28,5.73,11.65,1.17,0.64,8.75,4.49,-0.02,-0.1,-0.13,0.4,0.45,0.55,1.56,,
CRFB3,20.13,-7.51,15.47,2.48,1.24,16.06,49.0,3.83,20.0,6.1,0.0,,8.64,,9.71,0.86,17.33,-1.66,0.59,8.11,1.3,1.45,19.56,5.56,-0.27,,-1.07,0.0,0.35,0.65,1.11,7.23,13.65
GGBR3,20.35,14.47,24.41,1.11,0.74,4.55,40.0,3.61,9.93,8.05,13.78,9.51,16.28,6.39,10.95,0.55,2.7,-0.85,0.88,18.31,0.83,0.63,5.04,2.26,0.39,2.25,3.86,0.62,0.5,0.5,2.41,1.08,
EGIE3,44.58,-8.79,15.25,5.09,3.87,33.36,98.0,21.13,38.94,40.57,48.85,8.83,10.63,6.6,7.94,1.06,11.18,-1.44,3.22,8.76,2.92,0.33,15.71,6.93,1.72,2.23,2.69,2.52,0.21,0.79,1.55,11.86,9.03
CPFE3,32.86,-8.41,10.59,2.55,5.48,24.12,0.0,12.06,22.58,16.55,22.26,7.57,10.18,5.74,7.72,0.75,12.87,-1.09,1.28,12.86,3.1,0.59,11.08,7.05,0.81,1.83,2.46,1.36,0.29,0.71,1.23,9.18,32.38
LREN3,40.55,-28.67,29.45,5.87,0.05,19.93,27.0,14.54,57.23,11.37,21.86,20.02,38.51,19.59,37.68,2.2,9.89,-5.62,4.28,6.91,1.38,0.51,8.47,7.49,0.13,0.43,0.83,0.62,0.38,0.62,1.58,3.16,11.89
SBSP3,41.24,-34.54,23.51,1.3,3.34,5.53,36.0,6.81,37.31,24.92,36.23,6.53,9.49,4.42,6.42,0.59,91.68,-0.65,1.6,31.74,1.75,0.37,11.31,2.51,0.62,2.11,3.06,0.71,0.45,0.55,1.07,4.55,-16.46
RAIL3,20.2,-12.89,122.93,2.45,0.0,1.99,0.1,4.37,32.22,27.97,0.0,,15.23,,19.22,0.82,6.15,-1.07,5.38,8.25,0.16,0.15,11.63,0.66,-0.51,,-3.99,0.0,0.33,0.67,2.25,10.07,
CSNA3,33.78,153.89,30.64,7.39,0.03,24.12,86.0,5.71,32.98,14.06,0.0,,19.78,,12.44,0.82,8.25,-1.22,1.75,4.57,1.1,0.47,6.82,2.68,4.36,,7.34,5.7,0.11,0.89,1.44,9.33,
AZUL4,43.33,-25.32,-4.21,-3.93,0.0,93.39,0.0,-178.34,-31.79,-48.58,3.16,310.63,-20.21,237.7,-15.47,3.92,-7.54,-5.29,7.51,-11.01,-10.29,0.52,-85.23,-92.98,-1.21,72.93,-4.75,-1.32,-1.0,2.0,0.33,1.71,
KLBN3,6.23,47.98,-14.65,7.98,0.0,-54.5,134.0,-20.0,39.52,26.9,0.0,,16.28,,10.89,0.99,4.88,-1.43,2.93,0.78,-0.43,0.34,5.83,-6.77,4.51,,6.15,6.01,0.12,0.88,2.98,11.0,
CSAN3,87.44,12.34,36.89,2.92,1.71,7.91,113.0,6.74,27.34,17.98,22.6,14.58,18.31,11.01,13.83,0.94,6.69,-1.38,2.49,29.95,2.37,0.38,8.04,2.55,0.95,3.57,4.48,1.35,0.32,0.68,1.78,12.36,-8.11
DASA3,167.9,158.31,-428.09,20.75,0.0,-4.85,120.5,-3.2,24.99,1.31,12.27,116.56,1091.01,111.8,1046.52,6.5,62.8,-9.41,13.71,8.09,-0.39,0.47,-0.26,-1.52,0.88,4.75,44.49,1.22,0.31,0.69,1.5,14.12,
CGAS3,165.0,-4.54,18.27,18.04,5.15,98.74,1.49,14.13,34.16,23.24,27.53,11.34,13.43,9.37,11.11,1.89,14.5,-3.51,2.58,9.15,9.03,0.73,16.55,10.33,3.92,2.04,2.42,6.15,0.1,0.9,1.39,8.41,5.84
CCRO3,12.45,-28.62,44.87,3.07,3.87,6.83,115.0,5.61,35.83,25.41,47.76,8.19,15.4,5.27,9.9,0.71,30.3,-0.95,2.52,4.06,0.28,0.28,0.25,1.59,1.7,2.92,5.5,2.55,0.23,0.77,1.1,0.0,-20.03
BRDT3,22.25,-23.43,30.39,2.7,4.17,8.87,61.0,1.05,5.67,1.66,0.0,,22.82,,19.24,0.93,3.48,-1.83,0.32,8.25,0.73,2.93,4.86,3.07,0.5,,3.57,0.97,0.35,0.65,2.21,-1.25,
VVAR3,14.62,-2.34,-125.55,4.15,0.0,-3.3,0.0,-0.69,32.61,1.88,5.28,20.58,57.81,16.37,45.97,0.78,10.01,-1.91,0.86,3.53,-0.12,0.9,2.83,-0.62,1.07,4.21,11.84,1.44,0.19,0.81,1.15,6.41,
REDE3,11.75,25.33,26.33,4.64,0.79,17.62,0.11,8.76,21.11,14.98,20.81,13.57,18.86,11.08,15.4,1.19,10.59,-1.81,2.31,2.53,0.45,0.52,9.25,4.52,1.04,2.49,3.46,1.69,0.26,0.74,1.49,6.8,42.6
ALPA3,32.01,5.68,148.36,6.24,0.0,4.2,0.0,3.77,52.34,8.15,8.09,72.85,72.32,69.13,68.63,3.91,13.42,-8.82,5.6,5.13,0.22,0.7,5.99,2.64,-0.15,-1.65,-1.64,0.08,0.63,0.37,2.1,-3.66,-18.9
EQTL3,22.95,-9.86,7.09,2.0,1.39,28.15,0.0,18.08,34.57,27.08,31.4,5.89,6.83,4.08,4.74,0.55,3.95,-0.81,1.28,11.49,3.23,0.43,13.46,7.76,0.88,1.8,2.09,1.49,0.28,0.72,1.77,18.23,30.22
LTEL3B,0.01,-99.99,,0.0,0.0,0.0,0.0,0.0,0.0,0.0,0.0,,0.05,,0.01,0.0,0.01,0.0,,13.08,0.0,0.0,9.62,0.0,0.0,,0.04,0.17,0.84,0.16,5.95,,
UGPA3,23.31,-2.09,113.73,2.64,1.03,2.33,144.5,0.28,7.02,1.5,2.65,17.52,31.03,11.99,21.22,0.71,2.97,-1.38,0.32,8.81,0.2,2.23,2.91,0.62,1.22,5.54,9.81,2.09,0.27,0.73,1.97,1.1,-31.91
HYPE3,33.93,-3.37,17.63,2.31,3.46,13.11,54.0,31.4,63.95,30.75,32.88,17.33,18.54,16.83,18.0,1.26,3.71,-2.38,5.53,14.68,1.92,0.23,7.45,7.14,0.07,0.5,0.54,0.6,0.54,0.46,3.56,3.38,0.75
TIET11,16.22,9.76,21.06,4.7,5.94,22.31,108.0,15.17,40.81,44.76,61.08,13.97,19.06,5.23,7.14,0.78,-31.63,-1.09,3.19,3.45,0.77,0.24,60.2,3.68,-1.43,-1.59,-2.17,0.0,0.17,0.83,0.92,-6.76,-5.95
ENGI11,50.56,-12.69,10.37,2.39,1.19,23.0,132.5,9.1,17.34,13.33,24.45,44.27,81.17,3.86,7.08,0.42,14.5,-0.58,0.94,21.19,4.87,0.45,1.08,4.09,24.42,39.49,72.41,25.08,0.18,0.82,1.12,10.49,62.79
GMAT3,8.41,-5.93,29.09,9.51,0.0,32.67,0.0,5.92,24.52,7.2,0.0,,25.58,,23.92,4.5,10.47,-13.82,1.72,0.88,0.29,2.61,23.92,15.45,0.66,,1.67,0.66,0.47,0.53,2.75,,
CEEB3,40.5,-7.53,14.32,2.74,0.0,19.13,54.0,10.33,23.48,16.64,21.74,11.44,14.95,6.8,8.89,0.74,13.33,-0.99,1.48,14.79,2.83,0.5,10.59,5.15,1.45,3.6,4.71,1.64,0.27,0.73,1.28,7.51,28.2
BRKM3,29.9,-7.91,-2.13,-3.72,0.0,174.86,-23.0,-21.38,14.82,-9.11,-1.43,-5.58,-0.88,-31.77,-4.99,0.28,2.4,-0.43,0.45,-8.04,-14.06,0.61,151.61,-13.02,2.77,23.64,3.71,0.0,-0.07,1.07,1.48,1.93,
PCAR3,87.9,0.57,31.37,1.45,0.66,4.63,32.0,0.95,21.46,3.57,6.62,6.44,11.92,4.51,8.35,0.37,-11.06,-0.56,0.3,60.53,2.8,1.25,7.61,1.19,0.62,1.93,3.58,1.07,0.26,0.74,0.91,13.78,
ENEV3,69.86,53.78,32.15,3.03,0.0,9.43,0.0,21.92,43.09,0.0,0.0,,,,,1.4,11.99,-1.79,7.05,23.04,2.17,0.2,-0.03,4.36,0.65,,,1.0,0.46,0.54,2.19,7.7,
SULA11,38.25,-34.1,5.47,1.75,5.23,31.97,18.0,13.3,15.27,6.74,14.78,0.06,0.13,4.92,10.78,0.53,1.37,-1.75,0.73,21.89,7.0,0.74,8.84,9.78,-1.79,-5.04,-11.05,0.25,0.31,0.69,2.29,4.97,31.61
TRPL4,24.85,17.76,7.11,1.2,7.0,16.87,39.0,53.94,74.35,74.74,74.02,6.16,6.1,5.18,5.13,0.74,5.4,-0.92,3.83,20.73,3.5,0.19,14.62,10.4,0.14,0.62,0.62,0.24,0.62,0.38,3.17,-11.32,-14.12
CMIG3,15.31,-4.99,11.45,1.34,4.01,11.73,22.0,8.2,23.11,16.08,19.99,6.5,8.08,4.7,5.84,0.44,3.65,-0.61,0.94,11.39,1.34,0.46,10.48,3.81,0.64,2.22,2.76,0.93,0.32,0.68,1.7,5.69,43.4
CPLE3,62.88,-25.18,4.43,0.85,0.0,19.13,53.0,18.11,29.92,22.48,0.0,,4.95,,3.56,0.38,5.99,-0.49,0.8,74.29,14.21,0.48,10.59,8.63,0.33,,1.39,0.51,0.45,0.55,1.4,10.38,34.77
BRAP3,55.56,56.58,25.67,1.61,3.28,6.27,-94.0,0.0,0.0,0.0,0.0,,25.33,,23.88,1.56,31.36,-1.7,,34.51,2.16,0.0,6.61,6.09,-0.06,,-0.91,0.02,0.97,0.03,2.76,,3.66
TOTS3,34.08,24.83,66.77,7.56,0.63,11.33,23.0,11.36,70.08,15.16,23.0,31.51,47.81,32.99,50.05,3.83,24.87,-8.51,7.59,4.51,0.51,0.5,10.5,5.73,-0.34,-1.48,-2.24,0.12,0.51,0.49,1.39,3.52,14.08
CEGR3,60.0,20.19,39.62,13.2,0.16,33.31,119.0,10.97,29.25,18.21,0.0,,25.04,,23.86,4.46,-74.08,-5.96,4.35,4.55,1.51,1.03,19.93,11.25,0.66,,1.18,0.99,0.34,0.66,0.81,2.82,6.23
MRSA3B,52.0,73.28,87.99,5.94,0.65,6.75,0.0,8.76,26.27,21.22,52.53,11.75,29.08,14.68,36.33,2.41,118.71,-2.96,7.71,8.76,0.59,0.31,7.45,2.74,0.39,0.96,2.38,0.74,0.41,0.59,1.12,0.22,-6.99
PSSA3,47.81,-26.35,9.16,1.72,2.06,18.83,56.0,9.07,100.0,9.04,0.0,,2.95,,9.18,0.42,3.57,-1.33,0.83,27.74,5.22,0.51,8.56,4.6,-1.17,,-6.22,0.0,0.24,0.76,1.21,2.91,13.02
USIM3,15.28,46.91,14.82,1.14,0.26,7.67,97.0,8.03,20.24,18.2,24.42,4.98,6.69,4.87,6.54,0.64,2.6,-1.06,1.19,13.44,1.03,0.54,10.41,4.31,0.07,0.28,0.38,0.35,0.56,0.44,2.64,13.73,
BRFS3,23.25,-24.64,16.15,2.57,0.0,15.93,0.0,3.14,24.0,0.0,20.74,0.93,,2.44,,0.37,3.24,-0.69,0.51,9.04,1.44,0.73,-3.65,2.28,-1.6,-1.51,,0.0,0.14,0.86,1.32,2.02,
DTEX3,18.6,5.47,28.34,2.48,1.69,8.75,134.0,7.72,31.5,11.43,23.11,10.56,21.35,9.47,19.15,1.12,7.12,-1.77,2.19,7.5,0.66,0.51,7.04,3.95,0.28,1.09,2.2,0.62,0.45,0.55,1.75,8.5,80.58
LCAM3,26.19,12.88,46.83,3.29,2.14,7.03,38.0,5.46,23.69,12.33,22.83,13.6,25.2,11.2,20.75,1.1,30.48,-1.55,2.56,7.96,0.56,0.43,6.27,2.35,0.7,2.4,4.44,1.29,0.33,0.67,1.14,47.16,57.99
BIDI3,50.79,235.25,29192.59,11.94,0.11,0.04,0.0,0.15,55.08,-7.06,0.0,,-612.24,,-614.05,2.36,14.22,-7.99,43.37,4.25,0.0,0.05,-3.57,0.01,,,,,0.2,0.82,1.31,,
MDIA3,31.78,-26.54,13.14,1.66,1.44,12.6,25.0,11.31,34.96,11.29,14.85,10.32,13.57,10.02,13.17,1.11,6.07,-1.89,1.49,19.18,2.42,0.75,9.31,8.47,0.05,0.3,0.4,0.25,0.67,0.33,1.8,6.34,0.88
MULT3,21.07,-37.7,13.13,2.03,0.0,15.47,31.0,89.13,74.59,106.0,126.99,10.6,12.7,9.22,11.04,1.2,15.07,-1.45,11.7,10.38,1.6,0.1,11.12,9.12,0.3,1.38,1.66,0.5,0.59,0.41,1.84,-0.52,25.33
ENBR3,18.76,-10.87,7.9,1.03,2.48,13.05,25.0,9.74,20.09,15.73,20.0,5.82,7.39,3.85,4.9,0.4,19.05,-0.53,0.77,18.19,2.37,0.52,9.03,5.04,0.53,1.97,2.5,0.83,0.39,0.61,1.09,9.56,11.63
WHRL3,7.34,-4.44,18.07,5.2,16.52,28.81,103.0,6.84,18.64,8.66,10.74,10.15,12.58,11.51,14.27,1.62,11.31,-7.12,1.24,1.41,0.41,1.31,22.26,8.94,-0.74,-1.63,-2.02,0.22,0.31,0.69,1.23,-0.65,14.02
GOAU3,9.82,14.12,7.42,0.34,0.92,4.56,38.0,3.62,9.93,8.06,13.79,4.38,7.5,1.95,3.34,0.17,0.82,-0.26,0.27,29.02,1.32,0.63,5.04,2.27,0.39,2.25,3.86,0.62,0.5,0.5,2.42,1.08,
CESP3,30.21,-4.66,5.72,1.37,6.12,23.99,26.0,90.17,37.95,42.39,63.11,9.71,14.45,8.18,12.17,0.68,144.92,-0.74,5.16,22.0,5.28,0.13,-7.3,11.88,0.15,0.92,1.37,0.25,0.5,0.5,1.06,2.82,41.47
MRFG3,15.22,13.08,3.09,3.95,0.0,127.79,0.0,5.53,17.44,11.6,13.69,3.29,3.89,1.25,1.47,0.28,2.13,-0.5,0.17,3.86,4.93,1.66,22.16,9.16,6.48,2.05,2.42,10.0,0.07,0.93,1.44,26.82,
ELPL3,8.41,0.0,3.41,0.49,0.0,14.39,0.0,3.27,9.15,9.15,14.56,1.84,2.92,0.77,1.22,0.06,-2.21,-0.07,0.11,17.14,2.47,0.5,13.53,1.64,0.68,1.07,1.7,1.37,0.11,0.89,0.91,5.0,87.66
TAEE3,10.83,15.51,6.95,1.94,9.4,27.94,65.0,57.25,65.65,81.06,111.94,5.08,7.02,3.55,4.91,0.81,4.6,-1.07,3.98,5.58,1.56,0.2,15.88,11.62,0.84,1.53,2.12,1.15,0.42,0.58,3.63,15.14,13.33
CPRE3,18.23,6.55,18.66,1.86,0.0,9.94,0.0,29.47,49.98,35.17,65.4,9.48,17.64,8.41,15.64,0.86,-91.83,-0.99,5.5,9.83,0.98,0.16,5.66,4.6,0.24,1.07,2.0,0.39,0.46,0.54,0.94,3.63,
CASN3,14.35,19.68,92.96,8.39,0.29,9.03,28.0,10.39,53.42,24.93,0.0,,37.44,,38.76,2.92,266.7,-3.43,9.66,1.71,0.15,0.3,8.02,3.14,0.96,,4.42,1.13,0.35,0.65,1.08,4.51,33.17
OIBR3,2.06,106.0,-0.84,2.04,0.0,-243.05,1.0,-77.15,21.68,-4.43,0.0,,-40.13,,-14.63,0.17,2.03,-0.23,0.65,1.01,-2.45,0.26,-3.51,-20.08,3.54,,-25.38,4.49,0.08,0.92,1.5,-6.17,
CIEL3,3.68,-49.45,20.43,1.05,1.67,5.16,95.0,10.47,39.67,11.9,22.25,11.94,22.34,9.61,17.98,0.11,1.31,-0.83,2.14,3.49,0.18,0.05,2.31,0.56,0.26,2.33,4.36,0.73,0.11,1.55,1.11,-17.59,-34.32
CYRE3,28.21,-7.47,6.39,1.72,6.61,26.97,140.0,44.13,32.48,54.65,46.67,6.34,5.41,6.04,5.16,0.99,3.14,-1.87,2.82,16.38,4.42,0.35,19.26,15.5,0.08,0.29,0.25,0.37,0.57,0.43,3.01,4.6,63.44
QUAL3,33.01,-19.59,23.73,5.28,0.53,22.26,93.0,19.44,81.03,29.11,0.0,,16.45,,15.85,2.42,10.5,-4.02,4.61,6.25,1.39,0.52,14.8,10.18,0.2,,0.6,0.75,0.46,0.54,2.36,0.68,-0.48
BPAN4,12.71,26.67,10.61,1.31,1.63,12.33,17.0,6.84,61.65,9.35,10.75,6.75,7.76,6.75,7.76,0.18,-0.89,-0.3,0.73,9.71,1.2,0.25,11.79,1.68,,,,,0.14,0.89,0.67,4.45,
FLRY3,28.21,-6.18,51.58,5.31,3.04,10.28,97.0,6.28,25.99,14.76,26.58,13.26,23.87,12.19,21.94,1.6,10.0,-2.46,3.24,5.32,0.55,0.49,9.02,3.1,0.47,1.07,1.93,1.14,0.3,0.7,1.84,5.68,-5.37
LWSA3,30.05,27.33,215.06,5.8,0.11,2.7,0.21,3.91,41.99,10.43,22.96,33.01,72.7,36.61,80.63,3.13,8.31,-10.82,8.41,5.18,0.14,0.37,4.15,1.45,-0.57,-3.6,-7.94,0.26,0.54,0.46,2.13,8.7,12.39
ENMA3B,50.49,0.0,12.6,2.57,0.0,20.37,0.0,17.17,33.06,21.05,28.38,8.31,11.21,7.62,10.28,1.06,5.98,-1.87,2.16,19.67,4.01,0.49,11.86,8.41,0.2,0.6,0.81,0.77,0.41,0.59,1.7,4.13,10.47
MRVE3,18.97,-3.22,15.99,1.53,2.88,9.58,66.0,8.98,28.46,0.0,0.0,,,,,0.52,-0.36,-1.03,1.44,12.39,1.19,0.36,-1.24,3.25,0.64,,,0.82,0.34,2.42,0.25,8.41,0.51
COGN3,4.26,-62.63,-4.09,0.44,0.0,-10.72,81.0,-31.63,59.44,-15.18,-5.94,-41.18,-16.13,-21.74,-8.51,0.22,1.97,-0.29,1.29,9.73,-1.04,0.17,-3.65,-5.42,0.39,-19.45,-7.61,0.68,0.51,0.49,1.94,3.36,
EZTC3,35.1,-30.3,20.86,1.95,0.84,9.34,8.0,38.86,42.82,28.52,31.62,21.48,23.82,25.64,28.42,1.76,4.07,-3.58,8.11,18.01,1.68,0.22,4.81,8.44,-0.32,-4.15,-4.61,0.0,0.9,0.1,6.75,11.43,10.66
IRBR3,6.77,-81.11,-13.21,1.76,0.45,-13.33,19.0,-8.01,-14.54,-13.47,0.0,,-4.66,,-7.86,0.37,-5.02,-1.15,1.06,3.85,-0.51,0.35,-36.12,-2.79,-0.72,,3.2,0.0,0.21,0.79,0.9,14.33,
RLOG3,21.47,18.36,20.18,0.73,0.0,3.63,1.0,7.07,34.71,29.68,56.07,6.21,11.73,2.55,4.81,0.21,1.38,-0.28,1.43,29.29,1.06,0.15,5.46,1.06,1.05,3.66,6.92,1.68,0.29,0.71,2.64,6.8,
SMTO3,34.03,21.88,13.97,3.6,1.59,25.77,70.0,20.07,34.82,35.23,68.3,5.66,10.97,4.1,7.96,0.99,6.89,-1.4,2.8,9.45,2.44,0.35,12.82,7.12,1.36,1.56,3.02,1.94,0.28,0.72,2.01,11.87,29.88
ALUP3,8.57,-27.43,5.5,0.9,2.68,16.31,11.0,26.86,46.15,0.0,82.01,1.22,,1.8,,0.36,3.54,-0.45,1.48,9.56,1.56,0.25,-6.95,6.58,-0.28,-0.56,,0.0,0.4,0.6,2.1,26.85,34.56
GRND3,7.89,-25.72,23.24,1.94,3.95,8.35,38.5,17.75,46.17,13.38,0.0,,24.58,,30.84,1.77,2.99,-5.19,4.13,4.07,0.34,0.43,5.87,7.61,-0.39,,-6.25,0.0,0.91,0.09,9.74,-3.34,-13.55
SAPR3,4.61,92.62,6.38,1.05,0.0,16.4,36.0,22.26,60.3,33.91,41.17,4.64,5.64,3.45,4.19,0.53,26.59,-0.62,1.42,4.4,0.72,0.37,12.4,8.32,0.41,1.34,1.62,0.55,0.51,0.49,1.17,7.11,11.73
BRML3,9.35,-47.09,-867.57,0.74,0.0,-0.08,53.5,-0.95,87.83,20.54,32.68,32.69,52.01,25.1,39.93,0.44,9.51,-0.47,8.2,12.68,-0.01,0.05,1.32,-0.05,0.22,7.59,12.08,0.31,0.6,0.4,3.0,-5.0,
YDUQ3,32.85,-38.31,38.99,3.06,1.55,7.84,27.0,6.98,56.61,15.46,0.0,,14.27,,17.6,1.08,6.65,-1.58,2.72,10.75,0.84,0.4,16.69,2.77,-0.58,,-3.33,0.0,0.35,0.65,2.04,3.23,-6.69
GUAR3,14.35,-51.01,157.88,1.48,0.0,0.93,21.5,0.7,55.83,0.51,5.41,23.77,252.0,20.45,216.75,0.55,2.87,-1.36,1.11,9.73,0.09,0.49,-1.16,0.35,0.24,3.32,35.25,0.93,0.37,0.63,1.47,1.79,-32.24
LINX3,38.86,9.77,-2066.96,4.37,0.0,-0.21,0.0,-0.41,66.86,0.0,0.0,,,,,2.73,10.71,-5.03,8.52,8.89,-0.02,0.32,-0.71,-0.13,-0.14,,,0.31,0.62,0.38,2.26,11.76,
ODPV3,13.26,-16.11,20.32,5.83,3.82,28.69,88.0,19.55,59.34,27.8,28.81,12.11,12.55,13.79,14.29,3.46,15.46,-7.65,3.97,2.28,0.65,0.87,28.0,17.03,-0.71,-1.68,-1.74,0.0,0.59,0.41,1.69,5.38,9.93
PETZ3,23.17,68.51,206.97,17.07,0.0,8.25,0.0,3.36,50.16,10.15,0.0,,68.48,,68.59,4.7,26.09,-9.28,6.96,1.36,0.11,0.67,9.7,2.27,-0.03,,-0.11,1.05,0.28,0.72,1.57,,
ENMT4,34.0,16.36,12.83,2.83,1.67,22.05,56.0,12.1,21.11,16.41,0.0,,12.56,,9.45,0.82,6.5,-1.29,1.55,12.02,2.65,0.53,9.64,6.39,1.05,,3.51,1.68,0.29,0.71,1.53,7.57,37.01
EQPA3,3.43,-24.45,11.17,2.09,2.33,18.71,52.0,12.0,31.72,19.58,25.41,6.5,8.43,5.28,6.85,0.61,2.49,-1.02,1.34,1.64,0.31,0.45,11.05,5.44,0.48,1.2,1.56,1.19,0.29,0.71,2.5,4.65,14.09
BOAS3,10.11,-16.79,254.01,14.57,0.54,5.74,0.0,3.01,0.0,0.0,0.0,,,,,5.43,-33.39,-7.58,7.65,0.69,0.04,0.71,0.0,2.14,0.66,,,1.07,0.37,0.63,0.64,,
JSLG3,9.53,4.5,8.95,1.84,0.58,20.59,22.5,2.78,19.78,8.08,0.0,,5.55,,3.08,0.47,1.24,-0.98,0.25,5.17,1.06,1.89,13.77,5.26,1.48,,2.47,2.41,0.26,0.74,3.71,3.28,
SEDU3,23.8,0.0,-13.38,14.95,0.0,-111.71,0.0,-25.73,48.36,-15.73,-8.23,-54.87,-28.7,-41.84,-21.89,1.53,57.89,-2.27,3.44,1.59,-1.78,0.44,-13.15,-11.44,4.65,-13.02,-6.81,4.65,0.1,0.9,1.09,-0.62,
ALSO3,26.65,-48.65,25.08,0.92,0.0,3.69,0.0,30.59,67.82,0.0,118.08,5.3,,6.5,,0.65,4.95,-0.78,7.67,28.83,1.06,0.09,-0.69,2.6,-0.17,-1.2,,0.0,0.71,0.29,5.26,21.95,24.0
BRSR3,14.7,-33.9,8.26,0.72,4.47,8.72,41.0,8.84,63.68,11.43,0.0,,6.59,,6.39,0.07,1.5,-0.07,0.73,20.4,1.78,0.09,10.1,0.79,,,,,0.09,0.93,2.34,-4.69,1.98
BSLI3,64.45,20.31,4.88,1.2,6.2,24.58,26.0,15.24,77.15,21.62,0.0,,-1.62,,3.44,0.11,-0.61,-0.13,0.74,53.74,13.21,0.15,23.28,2.24,-1.71,,-4.91,0.0,0.09,1.0,0.47,1.94,16.27
LIGT3,20.43,-9.6,-57.27,0.91,0.0,-1.59,3.0,-0.9,19.17,3.62,8.53,13.0,30.64,6.03,14.21,0.24,5.75,-0.34,0.51,22.41,-0.36,0.47,1.98,-0.42,1.05,6.97,16.43,1.49,0.27,0.73,1.17,4.58,
TCSA3,8.36,-51.95,-3.13,0.76,0.0,-24.25,0.0,-73.24,-4.4,-64.14,0.0,,-4.71,,-3.57,0.36,2.36,-0.56,2.29,11.02,-2.67,0.16,-14.28,-11.65,0.24,,-1.13,0.54,0.48,0.52,1.79,-4.67,
OMGE3,41.6,-0.29,-3663.06,2160.04,0.0,-58.97,0.0,-0.42,33.37,41.96,0.0,,37.05,,37.03,919.11,4818.55,-1204.64,15.54,0.02,-0.01,59.15,2347.17,-25.09,0.76,,0.01,1.23,0.43,0.58,5.12,21.87,
ECOR3,12.35,-28.11,24.38,10.04,0.0,41.2,0.0,6.97,39.47,32.03,45.91,7.48,10.73,3.7,5.31,0.56,33.76,-0.7,1.7,1.23,0.51,0.33,10.07,2.28,10.25,3.78,5.42,13.5,0.06,0.94,1.09,7.48,
ARZZ3,76.01,18.19,234.39,9.92,0.7,4.23,87.0,2.09,46.48,5.19,10.85,44.94,93.99,45.06,94.25,3.87,13.15,-15.56,4.89,7.67,0.32,0.79,4.06,1.65,-0.03,-0.12,-0.26,0.78,0.39,0.61,1.64,2.67,-23.98
CSMG3,15.82,-24.75,2.5,0.28,7.05,11.24,18.0,15.15,44.16,23.69,0.0,,3.37,,1.6,0.17,2.39,-0.21,0.38,56.38,6.34,0.44,9.31,6.67,0.31,,1.77,0.47,0.59,0.41,1.57,5.62,13.09
BNBR3,70.98,-20.14,4.79,0.99,3.79,20.62,18.0,30.3,45.9,43.1,44.51,1.52,1.57,3.26,3.37,0.11,-6.0,-0.15,1.45,71.89,14.83,0.07,19.86,2.22,-0.53,-1.74,-1.8,0.0,0.11,0.9,0.94,-4.92,11.83
IGTA3,34.36,-37.22,26.14,1.95,1.22,7.46,48.0,32.93,62.81,57.18,77.35,14.51,19.63,11.13,15.05,0.96,9.66,-1.22,8.61,17.63,1.31,0.11,5.23,3.69,0.59,3.39,4.58,0.95,0.49,0.51,1.89,1.08,7.51
VIVA3,25.82,-18.16,-317.82,5.47,0.0,-1.72,36.0,-2.95,70.3,-0.56,0.0,,-1600.94,,-1670.86,3.19,7.46,-9.9,9.36,4.72,-0.08,0.34,-4.0,-1.0,-0.23,,69.92,0.3,0.58,0.42,2.71,,
SLCE3,41.85,99.13,19.67,2.74,2.36,13.93,50.0,11.37,26.09,19.05,22.28,11.77,13.76,10.04,11.74,1.02,6.84,-1.9,2.24,15.27,2.13,0.46,10.02,5.18,0.47,1.73,2.02,0.84,0.37,0.63,1.47,16.54,68.39
BEEF3,10.07,-17.03,6.67,6.59,2.98,98.71,0.0,4.46,20.71,9.62,11.26,5.14,6.02,2.64,3.09,0.33,0.97,-0.99,0.3,1.53,1.51,1.1,13.17,4.88,6.24,2.5,2.93,14.39,0.05,0.71,2.01,13.98,33.51
CNTO3,23.38,-52.3,156.04,2.94,0.0,1.89,18.0,1.67,45.63,5.49,0.0,,50.18,,47.54,1.1,3.84,-2.14,2.61,7.95,0.15,0.42,2.88,0.7,0.16,,2.63,0.92,0.37,0.63,2.42,,
SOMA3,14.5,31.46,-90.3,4.55,0.0,-5.04,0.0,-7.0,0.0,0.0,0.0,,,,,2.91,6.69,-9.24,6.32,3.19,-0.16,0.46,0.0,-3.22,-0.29,,,0.33,0.64,0.36,2.74,,
PRIO3,87.11,85.54,29.13,4.96,0.0,17.01,0.0,27.34,28.38,58.53,111.06,8.51,16.15,7.17,13.61,1.79,-31.53,-2.33,7.97,17.57,2.99,0.22,16.61,6.13,0.93,1.34,2.54,1.11,0.36,0.64,0.81,31.8,12.35
HBSA3,6.52,-12.13,-31.91,3.41,0.0,-10.68,0.0,-11.72,21.29,12.97,29.13,20.53,46.1,12.84,28.83,0.85,4.28,-1.16,3.74,1.91,-0.2,0.23,1.91,-2.67,2.04,7.69,17.27,2.83,0.25,0.75,4.03,27.55,
EMBR3,11.5,-38.73,-1.92,0.52,0.0,-27.16,-1.0,-34.76,10.48,-18.9,0.0,,-9.05,,-3.52,0.14,0.42,-0.34,0.67,22.09,-6.0,0.21,-7.44,-7.26,0.82,,-5.52,1.57,0.27,0.73,2.29,-9.82,
CAML3,11.11,27.45,8.91,1.53,5.25,17.17,0.3,6.47,23.22,8.63,0.0,,10.11,,6.69,0.63,2.19,-1.87,0.58,7.26,1.25,1.09,9.99,7.02,0.78,,3.42,1.0,0.41,0.59,1.75,7.57,18.01
GOLL4,24.23,-32.45,-1.2,-0.47,0.0,39.04,0.0,-66.63,21.1,0.75,24.03,8.05,258.26,3.34,107.0,0.52,-0.73,-0.67,0.8,-51.59,-20.14,0.65,3.03,-43.04,-0.66,4.72,151.25,-0.73,-1.1,2.1,0.24,-3.44,
BRPR3,8.78,-42.01,21.5,0.59,0.98,2.76,0.0,63.89,100.0,113.69,0.0,,15.08,,12.08,0.41,4.26,-0.47,13.74,14.81,0.41,0.03,2.54,1.88,0.15,,3.0,0.31,0.68,0.32,3.57,-7.57,47.4
BSEV3,6.71,24.26,-3.39,-8.23,0.0,242.78,0.0,-22.64,18.97,13.15,62.61,2.37,11.31,1.23,5.84,0.57,-4.22,-0.93,0.77,-0.82,-1.98,0.75,13.15,-16.91,-7.71,1.15,5.47,-9.18,-0.07,1.07,0.74,5.52,
COCE3,51.24,8.17,11.01,1.25,8.29,11.37,36.0,6.37,14.35,9.04,14.3,7.22,11.42,4.91,7.76,0.4,-107.7,-0.59,0.7,40.94,4.65,0.58,7.14,3.67,0.72,2.81,4.45,0.92,0.32,0.68,0.99,6.78,-1.62
EKTR3,38.99,80.51,15.36,2.49,0.0,16.22,13.0,7.44,19.07,13.15,16.65,8.47,10.72,6.87,8.7,0.8,24.06,-1.24,1.14,15.65,2.54,0.7,8.66,5.2,1.08,2.99,3.78,1.47,0.32,0.68,1.1,6.79,6.93
JHSF3,7.15,-9.66,7.42,1.27,2.04,17.14,10.0,68.61,65.06,95.64,0.0,,4.39,,5.32,0.7,5.5,-0.88,5.09,5.62,0.96,0.14,19.41,9.39,-0.22,,-0.94,0.0,0.55,1.1,2.6,20.14,
GEPA4,39.05,-28.28,15.26,2.08,4.83,13.64,198.0,16.39,42.25,38.02,52.9,4.74,6.6,4.73,6.58,0.86,-7.73,-1.21,2.5,18.76,2.56,0.34,16.92,5.61,0.0,0.01,0.01,0.58,0.41,0.59,0.72,2.04,-7.72
TELB3,76.5,-7.83,182.55,3.26,0.0,1.79,0.0,11.0,-70.12,25.8,99.96,14.39,55.75,20.1,77.86,1.23,5.1,-1.74,20.09,23.45,0.42,0.06,3.57,0.67,-0.38,-2.35,-9.12,0.17,0.38,0.62,5.3,35.76,
RAPT3,10.96,-5.75,13.57,1.65,0.84,12.16,41.5,5.7,24.01,10.37,13.89,8.88,11.89,5.56,7.45,0.48,1.52,-1.19,0.77,6.64,0.81,0.62,5.88,3.52,0.62,2.1,2.81,1.61,0.29,0.71,2.12,13.31,
EEEL3,525.0,9.38,13.01,1.87,2.05,14.38,-92.0,27.02,59.99,46.83,0.0,,7.65,,7.5,0.9,5.34,-1.23,3.51,280.75,40.37,0.25,16.6,6.89,0.03,,0.13,0.28,0.48,0.52,2.63,-5.75,-15.84
CEAB3,11.8,-30.14,-36.38,1.43,0.0,-3.92,-148.0,-2.46,47.62,-1.02,3.63,35.28,-125.72,24.69,-87.98,0.54,2.87,-0.99,0.9,8.27,-0.32,0.6,-2.83,-1.47,0.61,10.59,-37.73,1.13,0.38,1.22,1.69,-3.21,
PGMN3,10.06,-2.33,180.53,2.44,0.0,1.35,0.0,0.5,31.17,4.33,13.18,6.9,21.01,6.9,21.01,787.38,-2.39,-1723.72,0.91,4.12,0.06,865.51,11.05,436.16,0.0,0.0,0.0,0.0,322.82,677.32,0.0,,
QVQP3B,14.55,,-25363.86,18562.38,0.0,-73.18,0.0,0.0,0.0,0.0,0.0,,-24981.19,,-24982.45,18562.38,19317.82,-474666.52,,0.0,0.0,0.0,-74.3,-73.18,-0.94,,1.26,0.0,1.0,0.0,,,
LOGG3,31.35,2.08,22.46,1.04,0.68,4.63,11.0,100.73,98.8,177.16,0.0,,14.16,,12.77,0.76,7.07,-0.93,22.63,30.15,1.4,0.03,4.06,3.38,0.11,,1.38,0.26,0.73,0.27,2.37,7.9,31.95
UNIP6,56.56,89.48,24.37,3.47,2.16,14.25,14.0,6.24,29.04,13.49,19.4,7.55,10.85,7.84,11.28,1.23,9.87,-2.03,1.52,16.28,2.32,0.81,18.5,5.06,-0.12,-0.26,-0.37,0.48,0.35,0.65,1.47,31.6,16.68
CURY3,10.44,10.36,18.76,7.26,0.0,38.69,0.0,16.55,0.0,0.0,0.0,,,,,2.13,5.43,-12.7,3.1,1.44,0.56,0.69,0.0,11.36,-0.21,,,0.8,0.29,0.71,1.89,,
ANIM3,32.1,-17.12,-103.66,2.08,0.0,-2.0,-11.0,-2.44,49.55,0.0,0.0,,,,,0.93,3.99,-1.44,2.53,15.45,-0.31,0.37,-0.06,-0.9,0.32,,,0.8,0.45,0.55,2.96,7.3,
CBEE3,15.7,-10.38,23.93,0.72,2.54,3.03,15.0,1.81,13.85,8.53,15.74,7.05,13.01,2.75,5.08,0.22,-133.75,-0.32,0.43,21.69,0.66,0.51,5.38,0.92,1.13,4.3,7.93,1.35,0.31,0.69,0.99,6.23,
WSON33,43.23,-4.82,31.1,1.28,6.84,4.12,0.0,5.71,48.0,19.92,34.14,8.64,14.81,5.2,8.92,0.54,7.67,-0.66,1.78,33.74,1.39,0.3,4.48,1.73,0.85,3.44,5.9,1.11,0.42,0.58,1.61,1.91,-19.44
CSRN3,16.48,-21.15,8.6,2.11,0.0,24.58,58.0,12.31,23.6,17.42,21.34,7.54,9.23,4.96,6.08,0.6,6.43,-0.77,1.06,7.8,1.92,0.56,12.19,6.93,1.1,2.58,3.16,1.41,0.28,0.72,1.68,7.79,12.24
PARD3,22.07,-28.63,22.21,4.06,1.33,18.29,37.5,9.7,26.47,13.76,21.35,10.66,16.54,10.09,15.65,1.48,11.1,-2.48,2.15,5.43,0.99,0.69,13.19,6.67,0.23,0.58,0.89,0.6,0.36,0.64,1.5,8.34,4.83
TEND3,26.31,-27.26,13.4,1.85,1.88,13.84,22.0,9.58,31.5,11.97,14.44,8.08,9.74,8.89,10.72,0.67,1.37,-2.6,1.28,14.19,1.96,0.52,8.24,4.99,-0.17,-0.81,-0.98,0.78,0.36,0.64,2.93,15.24,29.32
AMBP3,24.83,-15.26,94.77,2.26,0.0,2.38,0.0,5.07,0.0,0.0,0.0,,,,,1.78,3.67,-4.17,4.81,10.99,0.26,0.37,0.0,1.88,-0.39,,,0.14,0.79,0.21,6.57,,
PNVL4,18.92,2.59,51.05,2.86,0.79,5.59,27.0,1.95,28.21,3.24,7.07,15.79,34.51,14.11,30.84,1.32,3.78,-3.88,1.0,6.63,0.37,1.32,5.35,2.58,0.14,0.7,1.52,0.72,0.46,0.54,2.12,6.17,1.14
TUPY3,21.51,-9.51,-34.55,1.22,0.0,-3.54,85.5,-2.18,15.56,4.53,12.99,7.83,22.44,5.78,16.58,0.48,1.67,-1.08,0.75,17.6,-0.62,0.64,3.64,-1.4,0.43,2.05,5.87,1.0,0.4,0.6,2.11,4.85,
BMGB4,5.35,-22.25,8.0,0.77,4.67,9.64,32.0,10.16,72.0,3.27,0.0,,24.85,,24.85,0.13,16.56,-0.13,0.81,6.93,0.67,0.16,-4.05,1.59,,,,,0.16,0.0,,,
ABCB4,15.46,-24.07,5.28,0.4,3.21,7.51,43.0,5.46,1.96,-1.8,0.0,,-16.03,,-16.03,0.04,0.39,-0.05,0.29,38.95,2.93,0.14,-15.45,0.74,,,,,0.1,0.91,3.23,24.03,-3.84
STBP3,6.58,1.67,-328.06,2.72,0.27,-0.83,0.0,-1.93,22.66,0.0,0.0,,,,,1.34,5.79,-1.92,6.32,2.42,-0.02,0.21,-0.08,-0.41,1.56,,,2.08,0.49,0.51,4.39,1.5,
HGTX3,17.02,-32.85,7.89,1.71,1.3,21.69,70.5,32.6,39.02,8.76,17.13,13.77,26.9,15.02,29.35,1.23,3.44,-3.17,2.57,9.94,2.16,0.48,1.64,15.63,-0.14,-1.25,-2.45,0.16,0.72,0.28,2.42,-6.12,11.95
MOAR3,236.9,35.37,-38.48,3.26,2.31,-8.48,-86.0,-68.06,0.39,-120.05,-119.19,-20.17,-20.03,-21.97,-21.81,1.99,6.42,-3.39,26.19,72.63,-6.16,0.08,-16.5,-5.16,-0.27,1.8,1.79,0.31,0.61,0.39,3.95,98.98,
ENAT3,13.58,-4.0,10.43,1.23,8.41,11.79,231.0,29.77,33.4,33.74,0.0,,4.76,,9.2,0.79,2.46,-1.4,3.1,11.04,1.3,0.25,9.7,7.56,-0.59,,-4.44,0.0,0.64,0.36,3.72,19.54,17.75
POMO4,2.66,-48.33,97.14,1.0,5.38,1.03,40.0,0.69,16.23,3.51,7.81,5.25,11.67,8.61,19.13,0.42,1.86,0.95,0.67,2.66,0.03,0.62,4.03,0.43,-0.38,-3.29,-7.31,0.0,0.42,0.58,1.7,7.8,-34.76
LEVE3,19.13,-34.49,28.56,1.84,2.88,6.46,107.0,3.87,23.64,6.21,10.86,10.56,18.47,10.18,17.8,0.9,4.09,-2.1,1.1,10.37,0.67,0.82,5.26,3.16,0.07,0.38,0.67,0.48,0.49,0.51,1.63,-0.13,28.36
CEBR3,131.0,81.92,17.37,2.65,0.0,15.26,9.0,5.84,13.06,6.22,0.0,,17.96,,16.31,0.77,4.01,-5.15,1.02,49.41,7.54,0.76,9.15,4.44,-0.05,,-0.28,0.1,0.29,0.71,1.29,5.73,4.69
EVEN3,11.28,-27.52,14.11,0.93,1.28,6.62,0.0,12.48,32.31,13.04,13.13,11.24,11.31,13.41,13.5,0.43,0.9,-1.75,1.76,12.08,0.8,0.24,4.14,3.04,-0.15,-2.17,-2.18,0.37,0.46,0.54,2.73,-4.86,146.35
BKBR3,10.41,-40.81,-7.72,1.64,0.49,-21.25,52.0,-13.57,60.07,-11.87,-2.86,-29.35,-7.07,-36.61,-8.82,0.68,-104.75,-0.87,1.05,6.35,-1.35,0.65,-18.58,-8.82,-0.33,7.27,1.75,0.0,0.41,0.59,0.97,,
CCPR3,12.04,-50.11,19.16,621.93,7.75,3245.99,149.0,28.34,63.51,55.97,55.97,9.7,9.7,9.7,9.7,378.08,3409.52,-443.0,5.43,0.02,0.63,69.62,5558.69,1973.31,-0.2,0.0,0.0,0.0,0.61,0.39,4.11,-3.55,
GPAR3,70.0,169.23,54.39,4.62,0.0,8.5,71.0,43.58,49.74,42.37,0.0,,55.42,,55.94,3.67,14.05,-5.19,23.7,15.14,1.29,0.15,4.55,6.75,-0.04,,-0.52,0.09,0.79,0.21,9.37,-10.57,-41.34
CVCB3,19.5,-40.02,-1.95,-10.68,0.0,546.46,10.0,-210.3,81.82,-155.59,-126.07,-3.6,-2.92,-3.26,-2.64,0.67,-2.8,-2.29,4.11,-1.83,-9.98,0.16,-93.72,-34.1,-1.12,-0.34,-0.28,-6.43,-0.06,1.06,0.75,-5.07,
SCAR3,37.14,-33.57,24.7,1.38,0.17,5.57,51.0,21.94,72.95,55.12,67.08,11.81,14.37,8.08,9.83,0.67,5.75,-0.85,5.42,27.01,1.5,0.12,5.57,2.72,0.63,3.73,4.54,1.0,0.49,0.51,2.21,-2.55,2.63
MYPK3,14.26,-30.92,-8.32,0.53,4.66,-6.34,48.0,-3.19,6.44,-0.86,5.15,1.3,-7.76,5.16,-30.9,0.17,3.74,-0.28,0.27,27.03,-1.71,0.63,-1.87,-2.03,-0.4,-3.87,23.14,0.0,0.32,0.68,1.12,3.89,
CLSC3,57.0,3.64,6.28,1.3,0.0,20.7,13.0,4.27,12.66,6.42,9.32,3.66,5.32,2.87,4.18,0.21,6.58,-0.33,0.27,43.87,9.08,0.79,10.21,3.36,0.41,0.9,1.3,1.09,0.16,0.84,1.1,6.07,
TRIS3,10.39,-37.9,11.34,1.62,2.06,14.33,0.0,20.33,35.71,21.92,21.33,11.17,10.87,10.81,10.52,1.0,2.04,-3.19,2.31,6.4,0.92,0.43,10.7,8.82,0.05,0.36,0.35,0.31,0.62,0.38,3.48,22.7,117.7
ALPK3,8.57,-10.26,-9.19,2.35,0.0,-25.61,0.0,-25.51,18.1,-1.18,0.0,,-160.64,,-198.4,0.48,-3.98,-0.55,2.35,3.64,-0.93,0.2,-1.46,-5.19,-0.45,,37.76,0.0,0.2,0.8,0.54,,
FESA3,37.37,24.57,104.78,1.91,2.26,1.82,62.0,2.18,24.85,13.4,0.0,,14.31,,17.05,1.14,9.09,-1.63,2.28,19.55,0.36,0.5,8.37,1.09,0.16,,1.39,0.33,0.6,0.4,1.73,5.68,-14.68
JPSA3,23.82,-39.81,10.03,0.67,0.58,6.64,4.0,29.57,62.85,53.73,74.2,7.68,10.6,4.0,5.52,0.33,3.32,-0.41,2.97,35.75,2.38,0.11,4.74,3.26,0.61,3.68,5.08,0.97,0.49,0.51,1.89,1.09,18.2
SMLS3,22.28,-35.66,9.68,2.11,5.7,21.76,70.0,46.45,85.53,56.42,0.0,,6.51,,7.97,0.83,5.17,-2.19,4.5,10.57,2.3,0.18,15.34,8.55,-0.39,,-1.46,0.0,0.39,0.61,1.35,,
PLPL3,6.42,-28.67,,6.12,0.0,0.0,0.0,0.0,0.0,0.0,0.0,,,,,1.37,1.69,-35.2,,1.05,0.0,0.0,0.0,0.0,0.36,,,1.75,0.22,0.78,6.26,,
BRGE11,10.76,11.85,,,1.05,4.65,9.0,227.59,-169.83,-269.93,-273.51,0.56,0.56,,,,,,,,,0.0,-6.44,1.09,-0.96,17.23,17.46,0.0,0.23,0.77,1.1,3.99,6.69
BPAR3,134.44,-26.16,4.71,0.86,0.0,18.33,50.0,17.19,81.27,32.82,0.0,,-1.98,,2.46,0.11,0.55,-0.14,0.81,155.85,28.57,0.14,21.71,2.39,-1.56,,-4.44,0.0,0.13,0.87,,1.54,3.29
DIRR3,14.21,-6.84,16.91,1.5,5.7,8.89,106.0,8.93,34.62,13.11,0.0,,5.74,,11.52,0.42,1.16,-0.77,1.51,9.45,0.84,0.28,10.89,2.46,-0.75,,-5.78,0.0,0.28,0.72,4.44,1.22,
SEER3,13.84,-52.75,43.5,1.34,2.35,3.08,233.0,3.22,53.37,14.78,0.0,,8.97,,9.48,0.61,2.42,-0.96,1.4,10.34,0.32,0.43,9.37,1.4,-0.07,,-0.51,0.46,0.45,0.55,3.13,2.47,-29.22
ANDG3B,28.82,0.0,56.8,2.11,0.0,3.72,0.0,45.82,47.12,179.05,140.71,11.0,8.64,18.5,14.54,1.79,-23.99,-1.83,26.03,13.66,0.51,0.07,12.72,3.14,0.14,1.24,0.97,0.14,0.85,0.15,0.26,,
SEQL3,28.79,131.24,-777.44,50.75,0.0,-6.53,0.0,-0.57,21.39,5.0,11.91,36.26,86.45,37.43,89.25,4.02,46.85,-7.0,4.46,0.57,-0.04,0.9,52.43,-0.52,-1.59,-1.17,-2.8,0.0,0.08,0.92,1.25,,
BEES3,5.09,-28.95,7.44,0.98,3.75,13.19,0.0,12.77,46.13,18.72,0.0,,5.3,,5.07,0.05,-0.37,-0.12,0.95,5.19,0.68,0.05,16.43,0.61,,,,,0.05,0.96,0.83,-10.2,6.02
VULC3,8.38,-4.23,91.9,1.92,0.0,2.09,0.0,2.05,33.62,0.0,0.0,,,,,1.25,2.65,-3.66,1.88,4.36,0.09,0.66,0.0,1.36,-0.25,,,0.0,0.65,0.35,3.51,,
AMAR3,5.69,-59.33,-4.02,1.45,0.0,-36.15,0.0,-16.33,39.75,-10.67,0.0,,-4.83,,-6.15,0.49,4.25,-0.98,0.66,3.92,-1.42,0.75,-23.82,-12.32,-0.31,,1.32,0.0,0.34,0.66,1.31,-4.47,
CEPE3,126.99,,77.96,6.32,0.0,8.11,80.0,2.24,16.49,7.65,12.23,18.8,30.03,14.26,22.78,1.14,-33.43,-1.66,1.74,20.09,1.63,0.65,5.72,1.46,2.98,6.73,10.75,3.44,0.18,0.82,0.9,5.16,
LAVV3,7.91,-12.11,24.69,1.33,0.0,5.38,0.0,30.1,0.0,0.0,0.0,,,,,1.05,1.36,-11.99,7.43,5.96,0.32,0.14,0.0,4.25,-0.76,,,0.04,0.79,0.21,6.48,,
BPAT33,44.05,-2.11,6.98,0.66,0.0,9.46,0.0,5.61,51.56,21.77,0.0,,1.8,,1.8,0.09,-0.17,-0.12,0.39,66.71,6.31,0.24,9.46,1.35,0.0,,0.0,0.0,0.14,3.65,0.27,,
OFSA3,34.22,-18.33,22.2,3.34,1.28,15.06,2.0,11.78,50.53,12.91,0.0,,21.92,,20.25,1.84,5.37,-4.25,2.61,10.23,1.54,0.71,10.43,8.31,0.28,,1.67,0.58,0.55,0.45,2.54,9.11,
WIZS3,7.02,-51.11,5.18,3.09,9.53,59.65,0.0,28.89,76.51,49.53,0.0,,2.38,,3.02,1.37,54.39,-2.48,1.5,2.27,1.36,0.92,64.74,26.54,-0.66,,-0.64,0.0,0.44,0.56,1.06,13.19,8.36
MELK3,6.45,-22.75,20.56,1.12,0.0,5.46,0.0,11.24,25.04,11.13,12.5,10.28,11.55,18.49,20.77,0.68,1.27,-4.3,2.31,5.74,0.31,0.29,3.54,3.3,-0.5,-8.21,-9.22,0.22,0.6,0.4,2.72,,
TGMA3,23.13,-42.16,17.29,2.46,1.47,14.25,55.0,8.2,20.49,11.28,12.93,11.06,12.68,10.96,12.56,1.48,5.09,-2.94,1.42,9.39,1.34,1.04,11.17,8.56,0.02,0.1,0.12,0.42,0.6,0.4,2.42,3.12,44.9
MTRE3,13.65,-26.97,45.44,1.45,0.0,3.19,0.0,8.39,31.86,9.39,0.0,,20.48,,40.61,1.11,1.62,-7.66,3.81,9.41,0.3,0.29,2.76,2.45,-0.72,,-20.14,0.05,0.77,0.23,5.12,,
AGRO3,22.7,19.56,9.12,1.17,3.13,12.84,80.0,20.17,30.53,22.62,35.23,4.59,7.14,5.22,8.13,0.66,6.07,-0.95,1.84,19.4,2.49,0.36,14.21,7.22,-0.14,-0.63,-0.99,0.0,0.56,0.44,1.54,,
LOGN3,15.03,-36.04,-14.83,7.3,0.0,-49.23,0.0,-10.0,16.73,13.98,0.0,,15.58,,10.6,0.76,2.53,-1.44,1.48,2.06,-1.01,0.51,7.89,-5.11,3.43,,4.98,6.66,0.1,0.9,2.71,6.14,
FRAS3,11.99,85.11,53.29,2.9,1.46,5.45,200.0,3.38,28.15,10.2,15.3,14.27,21.4,11.79,17.68,0.95,4.45,-1.79,1.8,4.13,0.22,0.52,4.68,1.77,0.61,2.48,3.72,1.07,0.33,0.67,1.82,12.22,-5.3
MILS3,6.02,-35.82,-100.71,1.38,0.0,-1.37,0.0,-3.03,38.1,-1.3,29.54,9.76,-220.97,10.34,-234.07,1.09,4.99,-1.56,3.05,4.35,-0.06,0.36,-0.78,-1.08,-0.08,-0.58,13.1,0.16,0.78,0.22,3.53,4.6,
EMAE4,58.48,49.95,19.27,2.04,2.47,10.58,34.0,25.53,18.64,7.7,9.08,31.41,37.01,54.21,63.87,1.31,3.56,-2.34,4.92,28.68,3.03,0.27,-0.49,6.79,-0.41,-10.81,-12.74,0.06,0.64,0.36,6.1,16.27,15.31
MSRO3,702.5,0.0,29662.17,361.03,0.0,1.22,0.0,0.58,30.99,18.77,0.0,,921.94,,916.34,80.76,-794.43,-108.33,172.0,1.95,0.02,0.47,-36.91,0.27,2.2,,5.59,2.98,0.22,0.78,0.71,,
HBOR3,9.93,-53.92,-91.16,0.82,0.0,-0.9,0.0,-1.2,13.69,0.84,0.02,9925.44,225.58,5778.87,131.34,0.3,0.57,-1.14,1.1,12.08,-0.11,0.27,-0.48,-0.32,0.59,4146.57,94.24,1.0,0.36,0.64,3.38,6.07,
EUCA3,21.99,18.86,16.12,1.41,0.0,8.76,0.0,7.58,31.25,13.99,22.12,4.33,6.85,5.52,8.73,0.77,95.57,-1.12,1.22,15.57,1.36,0.63,7.77,4.76,0.31,1.19,1.89,0.36,0.54,0.46,1.03,7.81,30.34
AALR3,10.4,-51.28,-12.69,1.02,0.84,-8.02,53.0,-10.8,16.36,-1.64,0.0,,-123.86,,-83.75,0.48,-38.43,-0.62,1.37,10.22,-0.82,0.35,-1.55,-3.8,0.49,,-40.11,0.66,0.47,0.53,0.95,-1.15,
BAZA3,40.0,17.5,3.5,0.52,8.86,14.73,0.0,28.25,37.85,49.19,0.0,,0.26,,2.01,0.06,1.15,-0.06,0.99,77.52,11.42,0.06,20.79,1.62,-0.45,,-1.75,0.0,0.11,0.78,,-5.75,20.97
GBIO33,10.4,5.05,-14.97,1.32,0.0,-8.83,0.0,-10.14,43.48,3.79,0.0,,47.57,,40.09,0.79,7.57,-1.43,1.52,7.86,-0.69,0.52,-0.1,-5.29,0.25,,7.48,0.31,0.6,0.4,1.31,-1.66,
SHUL4,13.3,-8.42,14.64,1.75,2.33,11.93,20.0,8.47,23.57,9.7,14.15,9.68,14.12,8.76,12.78,0.71,2.1,-1.97,1.24,7.61,0.91,0.57,6.62,4.84,0.3,1.5,2.19,1.0,0.41,0.59,2.11,10.58,21.5
BIOM3,14.95,-3.42,-15.58,8.37,0.0,-53.7,0.0,-132.82,26.5,-110.9,-101.57,-23.25,-21.29,-20.37,-18.66,2.61,18.49,-3.85,20.69,1.79,-0.96,0.13,-16.51,-16.75,1.18,-2.87,-2.63,1.72,0.31,0.69,1.78,,
KEPL3,44.2,50.49,17.1,2.26,1.24,13.24,17.0,11.29,26.02,13.33,18.13,9.25,12.58,10.65,14.48,1.37,7.06,-2.98,1.93,19.53,2.59,0.71,10.62,7.99,-0.3,-1.4,-1.9,0.11,0.6,0.4,1.55,4.86,
BRIV3,11.02,22.72,17.63,0.88,0.0,4.98,0.0,7.66,25.64,10.16,0.0,,12.78,,13.29,0.08,0.37,-0.1,1.35,12.54,0.63,0.06,4.37,0.44,,,,,0.09,0.97,113.5,-8.57,-1.94
BMEB3,17.8,15.73,6.53,0.95,3.5,14.57,24.0,6.36,61.68,2.85,6.67,6.22,14.53,6.23,14.56,0.09,0.34,-0.2,0.42,18.7,2.72,0.22,1.9,1.41,,,,,0.1,0.97,2.06,-6.9,50.79
PTBL3,9.12,60.94,14.2,3.43,1.66,24.14,200.0,8.27,32.56,0.0,0.0,,,,,0.71,11.7,-1.27,1.17,2.66,0.64,0.61,-5.11,5.03,1.09,,,1.78,0.21,0.79,1.16,3.91,116.8
CNSY3,30.22,0.0,-27.8,135.05,0.0,-485.71,0.0,-48.05,-7.97,-37.9,3.34,449.15,-39.59,399.95,-35.25,5.22,-20.45,-5.51,13.36,0.22,-1.09,0.39,-22.49,-18.76,16.61,49.2,-4.34,16.65,0.04,0.96,0.17,-5.79,
PINE4,2.25,-45.65,-5.24,0.42,0.0,-8.03,0.0,-9.65,21.25,-18.97,-20.35,-6.94,-7.44,-2.48,-2.67,0.02,-0.19,-0.03,0.51,5.35,-0.43,0.05,-24.95,-0.46,,,,,0.06,0.99,0.65,-7.38,
ELEK3,19.11,10.33,24.46,2.66,0.0,10.87,0.0,2.53,11.39,2.82,4.56,25.46,41.15,13.57,21.94,1.07,3.75,-2.6,0.62,7.19,0.78,1.72,6.09,4.36,0.99,5.05,8.16,0.99,0.4,0.95,1.94,4.74,
MDNE3,10.62,-41.97,-6.25,0.91,0.0,-14.48,0.0,-34.37,25.64,-16.12,-32.89,-7.38,-15.05,-6.53,-13.33,0.43,1.65,-0.78,2.15,11.73,-1.7,0.2,-6.31,-6.84,0.12,-0.84,-1.72,0.17,0.47,0.53,2.33,-6.99,
DOHL4,5.21,1.96,11.23,0.65,0.0,5.82,0.0,7.32,26.62,2.86,5.95,65.41,136.08,13.83,28.77,0.51,1.27,-1.01,0.82,7.97,0.46,0.63,-1.16,4.58,-0.11,-2.29,-4.76,0.04,0.79,0.21,5.83,2.23,17.82
RANI4,5.5,-24.92,24.67,1.84,1.25,7.45,-5.0,6.2,32.75,18.31,27.41,7.22,10.81,5.59,8.36,0.77,2.91,-1.33,1.53,2.99,0.22,0.51,8.72,3.14,0.34,1.04,1.56,0.83,0.42,0.58,2.72,3.5,
PEAB3,63.99,74.88,1.74,0.86,50.19,49.36,126.0,171.96,27.52,262.92,265.95,0.28,0.28,1.12,1.14,0.65,1.22,-2.55,2.99,74.65,36.85,0.22,49.21,37.58,-0.63,-0.82,-0.83,0.0,0.76,0.24,3.57,-2.59,47.74
ROMI3,25.12,75.98,10.54,2.26,9.55,21.45,0.54,17.95,30.71,10.98,14.77,14.31,19.24,12.82,17.24,1.05,3.82,-2.72,1.89,11.11,2.38,0.56,7.5,10.0,0.26,1.49,2.0,0.66,0.47,0.53,1.82,10.64,
CEED3,52.5,-34.38,-0.33,-0.1,0.0,28.67,0.0,-44.49,-1.01,-16.71,0.0,,-2.52,,-0.89,0.13,-0.12,-0.17,0.15,-548.09,-157.15,0.88,13.7,-39.36,-0.18,,-1.63,-0.2,-1.37,2.37,0.17,4.35,
LPSB3,4.11,-50.3,-179.96,3.76,0.0,-2.09,0.0,-2.14,85.78,17.87,29.05,10.27,16.71,13.26,21.57,1.61,5.3,-3.01,3.85,1.09,-0.02,0.42,7.51,-0.9,-0.85,-2.99,-4.86,0.02,0.43,0.57,2.9,1.14,
CGRA3,36.0,24.36,5.32,1.16,4.78,21.75,27.0,31.05,53.96,24.81,0.0,,5.67,,6.67,0.88,3.46,-1.46,1.65,31.09,6.76,0.53,13.56,16.61,-0.16,,-0.94,0.0,0.76,0.24,2.82,2.36,16.31
CRPG6,47.5,90.77,11.41,2.04,1.86,17.91,0.0,20.28,31.56,20.87,0.0,,9.41,,11.09,1.48,2.16,-7.94,2.31,23.24,4.16,0.64,18.1,13.01,-0.29,,-1.59,0.01,0.73,0.27,6.44,,
CMSA3,24.24,,-6795.64,11311.2,0.0,-166.45,0.0,0.0,0.0,0.0,0.0,,-7089.12,,-6674.79,11227.97,12250.9,-147511.73,,0.0,0.0,0.0,-169.46,-165.22,-0.93,,0.55,0.0,0.99,0.01,125.15,,
TASA3,21.25,262.01,301.2,-7.39,0.0,-2.45,0.0,0.42,40.1,19.8,21.35,8.65,9.33,5.97,6.44,1.46,6.84,-4.45,1.27,-2.88,0.07,1.15,45.92,0.48,-3.24,2.62,2.82,-3.48,-0.2,1.2,1.47,12.33,
WLMM3,20.1,26.42,12.46,1.6,1.59,12.8,27.0,6.33,13.83,7.55,8.38,10.71,11.89,9.41,10.45,1.27,3.75,-2.33,0.79,12.6,1.61,1.6,12.07,10.15,-0.23,-1.36,-1.51,0.03,0.79,0.21,3.85,17.09,
PFRM3,6.03,-6.94,16.33,0.53,0.0,3.27,0.0,0.87,0.0,0.0,0.0,,,,,0.2,0.87,-0.63,0.14,11.3,0.37,1.44,0.0,1.24,0.14,,,0.52,0.38,0.62,1.53,5.27,
GPCP3,23.15,185.1,6.04,2.27,0.26,37.54,6.0,13.13,21.01,14.4,16.89,5.31,6.23,4.69,5.5,0.86,5.3,-1.47,0.79,10.21,3.83,1.08,27.32,14.17,0.28,0.59,0.69,0.43,0.38,0.62,1.63,15.88,15.7
CRIV3,5.91,0.17,10.48,0.62,0.0,5.95,5.0,11.75,53.72,17.06,0.0,,-5.66,,7.22,0.11,0.83,-0.14,1.23,9.49,0.56,0.09,6.56,1.05,-1.14,,-13.18,0.0,0.18,0.83,2.93,-10.91,7.71
AFLT3,9.78,-19.37,27.89,3.3,4.79,11.85,27.0,59.01,64.6,59.24,0.0,,26.16,,27.78,2.93,13.62,-4.15,16.46,2.96,0.35,0.18,10.82,10.51,-0.19,,-1.61,0.0,0.89,0.11,3.72,3.64,9.14
POSI3,5.13,-24.95,14.15,0.77,0.63,5.47,0.0,2.75,20.4,3.72,5.49,1.77,2.6,7.09,10.45,0.28,0.96,-1.48,0.39,6.63,0.36,0.73,6.09,2.01,-0.58,-5.32,-7.85,0.0,0.37,0.63,1.58,1.38,42.21
MEAL3,3.61,-58.74,-2.25,0.82,0.0,-36.63,0.0,-37.35,25.41,-42.12,-33.73,-2.58,-2.07,-2.49,-2.0,0.39,3.31,-0.53,0.84,4.38,-1.6,0.46,-34.91,-17.11,0.03,-0.09,-0.07,0.46,0.47,0.53,1.76,-4.4,
CARD3,16.13,24.21,15.9,2.39,2.75,15.01,29.0,9.36,28.77,14.83,27.77,5.58,10.45,5.36,10.04,1.29,31.13,-1.91,1.49,6.76,1.01,0.86,12.59,8.09,0.1,0.22,0.41,0.41,0.54,0.46,1.15,-0.57,3.97
BGIP3,42.06,-17.71,10.63,1.29,1.69,12.15,0.0,9.5,64.71,13.73,0.0,,5.78,,7.36,0.1,-1.51,-0.23,1.01,32.57,3.96,0.1,14.4,0.91,,,,,0.07,0.94,0.9,-1.02,-4.34
VLID3,8.51,-50.35,-4.11,0.51,0.0,-12.33,0.0,-7.56,18.31,-4.07,0.53,140.36,-18.41,58.17,-7.63,0.2,1.47,-0.37,0.31,16.79,-2.07,0.63,-3.69,-4.76,0.72,82.19,-10.78,1.16,0.39,0.61,1.39,2.49,
NAFG3,64.37,0.11,11.88,2.74,0.0,23.09,0.0,9.28,41.15,16.49,21.22,4.54,5.84,5.19,6.68,1.15,3.2,-2.87,1.1,23.47,5.42,1.05,15.89,9.71,0.8,1.52,1.95,0.8,0.42,0.58,2.52,5.76,18.07
DMVF3,11.0,-29.4,,0.68,0.0,0.0,0.0,0.0,0.0,0.0,0.0,,,,,0.37,2.77,-0.62,0.53,16.17,0.0,0.7,0.0,0.0,-0.12,,,0.27,0.55,0.45,1.51,,
CREM3,14.5,0.0,32.69,2.45,0.0,7.5,0.0,2.1,30.3,7.39,9.87,11.42,15.26,6.94,9.28,0.67,4.89,-1.69,0.69,5.91,0.44,0.98,9.28,2.05,1.58,4.47,5.98,1.58,0.27,0.73,1.29,,
GFSA3,5.86,-32.25,-29.8,1.16,0.0,-3.91,0.0,-14.09,24.58,0.0,0.0,,,,,0.51,1.46,-2.21,4.2,5.03,-0.2,0.12,0.0,-1.72,0.08,,,0.49,0.44,0.56,1.84,-14.45,
JFEN3,4.33,-40.6,-1.02,-1.35,0.0,132.61,0.0,-240.09,-50.01,-165.45,-130.76,-4.29,-3.39,-1.87,-1.47,0.35,10.57,-2.36,2.44,-3.21,-4.26,0.14,-124.02,-33.97,-1.75,-2.42,-1.91,-1.75,-0.26,1.26,1.04,-4.59,
PATI3,36.22,44.88,5.26,1.2,0.5,22.8,3.0,10.53,13.68,12.81,0.0,,4.59,,4.33,0.54,1.13,-2.6,0.55,30.2,6.89,0.98,9.0,10.31,0.06,,0.2,0.7,0.45,0.55,2.53,11.8,53.46
ITEC3,40.1,0.0,-35.13,22.05,0.0,-62.76,0.0,-7435.29,-121.18,-18852.94,-17235.29,-15.15,-13.85,-15.15,-13.85,9.22,25.43,-16.7,2611.73,1.82,-1.14,0.0,-174.11,-26.23,0.0,0.0,0.0,0.0,0.42,0.58,5.23,-53.57,
RDNI3,10.31,-27.8,-97.05,0.74,0.09,-0.76,-13.0,-1.39,24.35,6.78,0.0,,35.48,,19.9,0.29,1.61,-0.48,1.35,13.98,-0.11,0.22,1.14,-0.3,0.58,,15.58,0.72,0.39,0.61,1.83,-2.82,
PMAM3,9.5,-61.22,-0.33,-1.15,0.0,347.35,-108.0,-31.06,0.43,-7.69,-3.74,-22.54,-10.95,-2.76,-1.34,0.1,-0.18,-0.19,0.1,-8.24,-28.6,0.97,-18.2,-29.98,-8.27,-19.78,-9.61,-8.98,-0.09,1.09,0.46,-2.71,
JOPA3,34.68,40.01,6.67,0.51,0.83,7.69,9.0,3.71,30.82,10.08,11.19,5.8,6.44,2.21,2.46,0.17,0.63,-0.54,0.25,67.65,5.2,0.71,5.2,2.62,0.83,3.59,3.99,1.42,0.34,0.66,1.7,4.8,8.94
TESA3,32.0,57.56,-8.05,0.95,0.0,-11.82,0.0,-7.27,27.84,18.66,23.45,6.39,8.03,2.5,3.14,0.25,-8.68,-0.37,0.59,33.64,-3.98,0.43,11.02,-3.11,1.48,3.89,4.89,1.51,0.26,0.74,0.92,7.63,
NEMO3,3.62,,-0.06,0.65,0.0,-1025.41,0.0,-52.45,32.56,22.33,0.0,,10.55,,0.15,0.01,0.16,-0.01,0.03,5.57,-57.14,0.28,-2.56,-14.67,45.63,,10.45,52.01,0.01,0.99,1.5,24.45,
PRNR3,7.85,-46.67,-12.08,1.45,0.0,-12.01,0.0,-9.61,11.33,-0.68,6.98,13.13,-134.8,16.64,-170.89,0.93,1.97,-2.87,1.16,5.41,-0.65,0.8,-6.05,-7.66,-0.31,-3.51,36.09,0.34,0.64,0.36,3.26,5.12,
APER3,60.39,109.5,7297.74,3.87,0.09,0.05,50.0,0.09,100.0,-0.31,14.84,42.88,-2061.22,46.37,-2229.21,2.35,19.13,-3.21,6.88,15.6,0.01,0.34,-0.45,0.03,-0.29,-3.49,168.0,0.0,0.61,0.39,1.86,-5.28,
MSPA3,48.0,6.67,-5.03,0.37,0.0,-7.31,0.0,-59.76,24.02,-56.68,-40.81,-8.35,-6.01,-7.36,-5.3,0.22,4.99,-0.23,3.0,130.66,-9.55,0.07,-6.43,-4.31,0.05,-1.1,-0.79,0.11,0.59,0.41,2.35,-27.92,
PDTC3,5.81,68.41,65.87,4.78,0.0,7.26,0.0,0.0,0.0,0.0,0.0,48.51,77.25,45.22,72.01,1.27,4.84,-4.56,,1.22,0.09,0.0,3.54,1.93,0.35,3.29,5.25,0.87,0.27,0.73,1.57,-100.0,-43.4
DMMO3,0.94,-41.61,-0.7,-0.33,0.0,47.51,0.0,-111.2,-13.98,-72.89,-50.72,-1.23,-0.85,-1.54,-1.07,0.82,-1.06,-1.8,0.78,-2.82,-1.34,1.05,31.33,-117.06,0.07,0.31,0.22,-0.01,-2.46,3.46,0.41,,
SGPS3,6.25,-48.35,-0.96,0.27,0.0,-28.67,0.0,-23.67,33.88,-1.79,4.45,17.34,-43.1,5.1,-12.67,0.1,1.42,-0.16,0.23,22.76,-6.53,0.44,-4.44,-10.4,0.66,12.24,-30.44,0.83,0.36,0.64,1.22,-9.82,
ETER3,12.51,98.57,13.81,7.98,0.0,57.79,0.0,8.15,26.37,0.0,0.0,,,,,1.04,8.51,-2.01,1.13,1.57,0.91,0.92,-45.83,7.51,-0.43,,,0.0,0.13,0.87,1.34,-7.03,
MERC3,33.1,374.21,57.49,2.39,0.0,4.16,20.0,17.04,76.11,23.22,0.0,,28.49,,42.19,1.99,6.93,-3.12,9.8,13.83,0.58,0.2,4.43,3.45,-0.09,,-1.58,0.0,0.83,0.17,4.73,-24.98,74.55
LLIS3,4.44,-73.41,-0.17,0.49,0.0,-294.25,0.0,-284.43,31.9,-172.04,-139.43,-2.09,-1.69,-0.34,-0.28,0.12,0.95,-0.16,0.48,9.02,-26.54,0.26,-49.26,-73.24,2.52,-1.75,-1.42,2.61,0.25,0.75,2.16,-10.62,
UCAS3,4.76,-13.65,26.0,2.05,3.84,7.88,0.0,8.52,38.29,9.86,16.04,11.71,19.05,13.8,22.45,1.44,5.61,-2.94,2.21,2.32,0.18,0.65,5.95,5.54,-0.31,-2.09,-3.41,0.0,0.7,0.3,2.01,-5.15,
FRIO3,86.0,-14.0,-2.64,-144.75,0.0,5482.38,0.0,-9.33,17.81,7.99,0.0,,10.24,,3.08,0.21,-15.54,-0.72,0.25,-0.59,-32.57,0.84,5.93,-7.86,-335.68,,7.15,-514.96,0.0,1.0,0.98,7.18,
CTSA3,2.25,-70.0,-41525.36,1.45,1.35,0.0,8.0,0.0,18.14,4.42,7.16,13.87,22.46,12.88,20.86,0.65,20.81,-1.2,0.92,1.55,0.0,0.71,2.79,0.0,0.77,6.83,11.06,0.83,0.45,0.55,1.07,3.64,
CTNM4,5.63,-44.26,-0.46,0.11,0.0,-24.92,0.0,-20.87,30.47,-1.66,4.58,18.67,-51.47,2.09,-5.76,0.04,1.36,-0.06,0.1,49.23,-12.27,0.43,-3.6,-8.9,0.86,15.69,-43.24,1.0,0.36,0.64,1.09,-7.5,
CSAB3,49.08,6.93,8.28,1.92,6.32,23.21,135.0,-5765.82,-431.65,-5735.44,0.0,,7.53,,8.32,0.97,9.48,-1.14,-477.13,25.55,5.93,0.0,23.0,11.67,-0.21,,-0.9,0.0,0.5,0.5,2.99,,-4.03
TPIS3,1.97,7.07,-5.7,0.52,0.0,-9.14,0.0,-6.13,11.05,-2.53,43.81,4.92,-85.1,0.8,-13.79,0.1,-0.45,-0.1,0.35,3.78,-0.35,0.28,-3.7,-1.71,2.69,4.12,-71.31,2.85,0.19,0.81,0.23,-8.48,
BOBR3,1.0,,6.77,-1.08,0.0,-15.94,0.0,3.57,35.04,12.14,13.89,4.2,4.8,1.74,1.99,0.39,-1.37,-0.65,0.24,-0.93,0.15,1.62,-912.9,5.78,-0.88,1.41,1.62,-0.95,-0.36,1.36,0.58,-0.37,-8.22
PTNT4,4.94,-22.69,22.67,0.72,0.0,3.2,0.0,2.06,11.92,2.77,0.0,,30.35,,16.87,0.31,1.6,-0.63,0.47,6.82,0.22,0.66,1.51,1.35,0.43,,10.04,0.79,0.42,0.58,1.59,1.04,-4.85
AHEB3,23.0,-7.96,-14.71,16.4,0.0,-111.5,0.0,-8.22,26.8,-6.37,-1.81,-59.95,-17.04,-66.77,-18.98,0.78,-7.52,-0.9,1.21,1.4,-1.56,0.64,-86.44,-5.27,-1.69,6.86,1.95,0.0,0.05,0.95,0.58,-2.23,
BAUH4,96.5,-4.6,35.97,6.12,0.89,17.01,7.0,7.49,24.92,8.5,0.0,,12.84,,31.67,3.7,22.27,-7.95,2.69,15.77,2.68,1.37,16.38,10.28,-0.4,,-2.09,0.0,0.6,0.4,1.45,6.9,12.75
CAMB3,5.17,-24.85,8.69,2.38,0.0,27.4,0.0,16.55,45.38,12.46,0.0,,11.09,,11.53,0.81,-13.55,-1.2,1.44,2.17,0.6,0.56,19.83,9.29,-0.09,,-0.45,0.0,0.34,0.66,0.85,-11.34,
BAHI3,76.5,-22.74,-5.12,1.89,0.0,-36.87,0.0,-20.96,41.34,-8.01,-5.5,-20.44,-14.05,-19.5,-13.4,0.33,-1.97,-0.37,1.07,40.5,-14.93,0.31,-16.19,-6.41,0.09,-0.94,-0.65,0.48,0.17,0.83,0.41,,
VSPT3,1.5,,,0.04,0.0,0.0,0.0,0.0,0.0,0.0,0.0,,,,,0.02,-0.44,-0.03,,34.93,0.0,0.0,0.0,0.0,-0.06,,,0.0,0.54,0.46,0.63,-100.0,
LUXM3,2.42,,1.07,0.13,0.0,12.16,218.0,10.95,25.93,30.74,32.53,5.72,6.05,0.36,0.38,0.08,0.66,-0.11,0.12,18.64,2.27,0.69,22.29,7.55,0.06,0.17,0.18,0.28,0.62,0.38,2.02,2.88,5.51
EALT3,13.94,12.65,14.94,1.75,0.39,11.69,0.0,8.21,24.31,10.3,14.4,7.4,10.35,8.52,11.91,0.71,10.78,-1.3,1.23,7.98,0.93,0.58,7.32,4.75,0.4,1.97,2.76,0.65,0.41,0.59,1.17,16.79,
SNSY3,20.87,9.15,-1.85,-0.2,0.0,10.73,0.0,-30.99,14.01,-12.35,-6.72,-7.89,-4.29,-8.52,-4.63,0.7,-1.61,-1.5,0.57,-105.34,-11.31,1.22,4.7,-37.75,-0.08,-3.27,-1.78,-0.08,-3.52,4.52,0.55,5.7,
RPMG3,3.21,-31.85,-0.62,-0.07,0.0,11.37,0.0,-24.07,-2.04,-20.29,-20.04,-0.75,-0.74,-0.75,-0.74,0.07,-0.08,-0.95,0.15,-45.48,-5.17,0.49,9.59,-11.71,0.0,0.0,0.0,0.0,-1.03,2.03,0.5,15.37,
SOND3,33.46,0.0,6.35,1.81,0.0,28.51,-23.0,33.52,29.07,28.3,31.21,6.74,7.43,6.82,7.53,1.36,3.3,-3.04,2.13,18.47,5.27,0.64,22.25,21.43,-0.52,-1.94,-2.14,0.0,0.75,0.25,3.96,-5.85,
BBML3,3936.42,0.0,10148.75,1237.38,0.0,12.19,0.0,1.82,10.89,3.83,0.0,,4836.95,,4831.43,207.67,-34066.18,-366.43,184.96,3.18,0.39,1.12,6.16,2.05,1.41,,5.52,2.16,0.17,0.83,0.99,,
SHOW3,3.62,-30.25,-4.15,0.97,0.0,-23.33,0.0,-47.45,13.22,-30.43,-13.43,-11.61,-5.12,-14.67,-6.47,0.39,2.16,-0.94,1.97,3.74,-0.87,0.2,-9.66,-9.47,-0.2,3.06,1.35,0.64,0.41,0.59,1.45,-31.0,
RNEW3,4.25,-11.27,-0.38,-0.13,0.0,34.21,0.0,-772.86,53.13,-144.55,-173.21,-17.17,-20.57,-1.71,-2.05,0.08,-0.06,-0.08,2.97,-32.38,-11.08,0.03,-26.76,-19.91,-1.19,-15.51,-18.59,-1.24,-0.58,1.58,0.04,-37.1,
BTTL3,10.02,17.88,15.32,10.23,0.0,66.8,0.0,2.2,16.74,4.87,6.44,6.26,8.28,5.24,6.93,1.01,201.22,-1.69,0.34,0.98,0.65,3.0,33.48,6.6,1.99,1.02,1.34,2.9,0.1,0.9,1.01,24.14,34.6
ECPR4,74.95,-7.47,-2.34,1.02,0.0,-43.41,0.0,0.0,0.0,0.0,0.0,-28.88,-2.78,-28.67,-2.76,0.53,91.29,-0.54,,73.72,-32.01,0.0,-37.09,-22.74,-0.01,0.21,0.02,0.0,0.52,0.48,2.95,,
RCSL3,8.93,214.44,-300.93,-10.03,0.0,3.33,0.0,-9.64,21.65,2.08,6.45,196.88,609.28,450.2,1393.22,16.51,-60.35,-27.61,29.02,-0.89,-0.03,0.57,-0.72,-5.49,0.02,-0.91,-2.82,0.0,-1.65,2.65,0.6,,
MTSA4,30.01,26.24,3.05,0.53,2.52,17.38,0.0,14.67,28.35,18.11,20.72,1.25,1.43,2.16,2.47,0.38,0.74,-1.62,0.45,56.67,9.85,0.86,11.28,12.59,-0.22,-0.9,-1.03,0.18,0.72,0.28,3.13,8.69,29.27
HBTS5,30.0,147.73,-12.54,0.61,0.16,-4.85,0.0,-20.51,71.38,-21.78,-24.91,-17.41,-19.91,-10.32,-11.8,0.14,-1.17,-0.16,2.57,49.3,-2.39,0.05,-5.19,-1.09,0.42,-7.09,-8.1,0.45,0.22,0.78,0.54,-38.8,
FHER3,4.18,13.28,0.34,-1.1,0.0,-319.27,0.0,34.79,12.57,0.7,3.43,8.01,39.12,3.49,17.03,0.12,1.22,-0.26,0.12,-3.81,12.16,1.02,-192.43,35.52,-1.42,4.52,22.09,-1.55,-0.11,1.11,1.23,-18.38,72.24
BMKS3,253.0,-3.44,28.13,0.63,2.4,2.22,0.0,19.69,28.79,3.42,0.0,,-39.38,,162.04,0.56,0.72,-2.84,5.54,404.66,8.99,0.1,-0.74,1.98,-0.78,,-201.43,0.03,0.89,0.11,30.52,1.37,-23.76
VIVR3,1.19,-54.58,-0.71,-0.63,0.0,89.8,0.0,1640.32,153.96,1184.75,1157.97,-2.62,-2.57,-1.0,-0.98,0.32,-0.52,-0.6,-11.58,-1.88,-1.69,-0.03,-432.91,-45.66,-1.03,-1.62,-1.59,-1.15,-0.51,1.51,0.43,,
TXRX3,51.77,508.34,92.26,-0.72,0.0,-0.78,0.0,3.13,26.2,-0.75,0.0,,-565.37,,-386.85,1.16,-0.81,-1.81,2.88,-71.54,0.56,0.4,0.78,1.26,-0.72,,-385.03,-0.72,-1.6,2.6,0.2,-2.36,
BMIN3,21.96,-8.5,63.3,0.86,6.38,1.35,0.0,14.06,79.26,18.81,0.0,,39.02,,47.3,0.51,10.78,-0.7,8.9,25.67,0.35,0.06,1.52,0.81,-0.15,,-8.45,0.0,0.6,0.4,1.22,,-33.72
ATMP3,3.6,-57.7,-0.22,-3.42,0.0,1590.96,0.0,-48.26,-18.65,-32.9,-21.93,-2.53,-1.69,-0.47,-0.32,0.05,-0.2,-0.07,0.1,-1.05,-16.72,0.52,-79.16,-24.99,-14.88,-2.06,-1.37,-16.24,-0.02,1.02,0.43,-16.83,
BALM4,12.95,-10.69,10.11,1.05,9.11,10.35,0.0,8.33,49.74,7.05,9.14,11.47,14.86,9.22,11.95,0.58,1.71,-1.75,0.84,12.38,1.28,0.69,4.54,5.71,0.04,0.31,0.4,0.26,0.55,0.45,2.02,5.9,33.0
CEDO3,12.08,30.45,-1.92,0.83,0.0,-43.45,0.0,-10.77,15.82,-2.18,0.92,55.39,-23.3,22.45,-9.44,0.18,-2.38,-0.29,0.21,14.51,-6.31,0.87,-3.52,-9.4,1.41,38.16,-16.05,1.55,0.22,0.78,0.84,2.98,
GSHP3,51.8,-16.47,-0.19,-0.17,0.0,92.07,0.0,-575.63,66.62,20.76,23.29,78.14,87.66,4.58,5.14,0.06,2.59,-0.07,1.07,-303.62,-279.55,0.05,-3.71,-31.18,-2.74,73.56,82.52,-3.17,-0.34,1.34,1.12,-18.42,
RSID3,13.23,39.26,-1.4,-0.3,0.0,21.77,0.0,-303.87,9.75,-476.89,-510.16,-5.7,-6.1,-0.83,-0.89,0.12,-0.21,-0.2,4.25,-43.49,-9.47,0.03,-41.49,-8.87,-1.78,-4.87,-5.21,-1.85,-0.41,1.41,0.38,-36.99,
ODER4,190.0,,56.85,9.7,0.0,17.07,31.0,7.88,30.49,14.94,0.0,,6.3,,29.98,4.37,13.37,-15.0,4.48,19.58,3.34,0.98,18.55,7.68,0.46,,1.41,0.7,0.45,0.55,1.86,4.33,-3.15
TECN3,1.64,-39.03,-1.23,0.41,0.0,-33.38,1.0,-45.23,44.44,-40.27,0.0,,-2.3,,-1.38,0.2,0.59,-0.45,0.56,3.99,-1.33,0.36,-20.67,-16.44,0.27,,-0.92,0.55,0.49,0.51,2.67,-8.51,
CTKA3,25.9,115.3,1.19,-0.8,0.0,-67.24,0.0,37.1,39.59,27.74,31.29,5.39,6.08,1.41,1.59,0.32,1.36,-0.82,0.44,-32.37,21.77,0.72,20.92,26.65,-2.38,4.19,4.73,-2.63,-0.4,1.4,1.62,3.18,
MMXM3,17.84,778.82,-1.01,-0.14,0.0,13.73,0.0,0.0,0.0,0.0,0.0,,-23.55,,-7.12,0.9,-0.13,-1.07,,-128.76,-17.68,0.0,2.86,-88.76,-0.32,,-16.43,-0.32,-6.46,7.46,0.02,,
TOYB3,2.29,0.0,-43.85,-4.97,0.0,11.34,0.0,-10.99,24.17,-10.64,0.0,,-47.97,,-45.29,4.04,-5.92,-11.89,4.82,-0.46,-0.05,0.84,11.85,-9.2,-0.07,,-0.67,-0.07,-0.81,1.81,0.49,12.33,
BPHA3,0.62,0.0,0.06,-0.24,0.0,-402.51,0.0,13890.08,97.99,1029.52,1429.28,1.2,1.67,0.58,0.8,0.99,-0.38,-1.18,8.28,-2.58,10.4,0.12,-40.19,1669.02,-0.26,0.62,0.86,-0.26,-4.15,5.15,0.06,-64.5,
ATOM3,4.0,124.72,10.73,6.83,0.0,63.64,0.0,38.47,100.0,25.43,25.63,13.49,13.6,16.11,16.23,3.83,4.08,-696.63,4.13,0.59,0.37,0.93,42.08,35.68,-1.11,-2.61,-2.63,0.0,0.56,0.44,17.65,,
IGBR3,17.51,495.58,-1.91,-0.24,0.0,12.4,0.0,-1346.18,79.67,-507.87,0.0,,-25.99,,-5.07,1.15,-2.92,-1.23,25.73,-73.87,-9.16,0.04,221.19,-59.96,-0.98,,-20.92,-0.98,-4.83,5.83,0.15,,
MNDL3,25.0,-24.47,-3.91,-0.4,0.0,10.16,0.0,-3.26,33.48,8.96,0.0,,4.76,,1.42,0.06,-0.1,-0.08,0.13,-62.96,-6.4,0.46,-520.7,-1.49,-0.93,,3.33,-0.96,-0.15,1.15,0.3,2.92,
PLAS3,4.74,-38.36,2.98,-0.34,0.0,-11.49,0.0,5.66,2.04,-3.83,7.52,7.93,-15.57,2.24,-4.4,0.1,-0.41,-0.13,0.17,-13.87,1.59,0.6,379.79,3.41,-0.87,5.69,-11.18,-0.98,-0.3,1.3,0.45,-0.11,
BBRK3,2.12,-51.49,-0.58,0.47,0.0,-81.21,0.0,-118.6,65.58,-116.72,0.0,,-0.26,,-0.59,0.26,35.94,-0.35,0.69,4.51,-3.66,0.38,-81.62,-45.21,-0.26,,0.33,0.0,0.56,0.44,1.03,0.32,
OGXP3,1.63,0.0,-2.15,-0.98,0.0,45.53,0.0,0.0,0.0,0.0,0.0,,-9.25,,-9.25,0.92,-0.98,,,-1.67,-0.76,0.0,10.58,-43.01,0.0,,0.0,0.0,-0.94,1.94,0.51,,
CRDE3,23.0,-42.49,-42.53,0.46,0.0,-1.09,-7.0,-19.59,83.01,3.44,0.0,,164.49,,242.22,0.42,2.58,-0.53,8.33,49.69,-0.54,0.05,-0.28,-0.98,-0.15,,-77.73,0.0,0.9,0.1,4.89,-17.12,
TKNO3,45.9,,15.85,0.72,0.0,4.54,0.0,5.03,25.96,11.38,12.74,4.52,5.06,6.26,7.0,0.58,1.39,-1.34,0.8,63.79,2.9,0.73,6.82,3.66,-0.2,-1.75,-1.95,0.01,0.81,0.19,3.78,8.94,
RSUL3,0.04,,0.0,0.0,0.0,133.21,0.0,13.92,35.91,21.35,24.44,1.24,1.42,0.0,0.0,0.0,0.0,0.0,0.0,31.46,41.9,0.77,95.4,10.72,0.48,0.2,0.23,0.73,0.08,0.92,0.62,9.98,
DTCY3,9.76,83.8,-33.79,12.65,0.0,-37.44,0.0,-12.49,32.91,-3.27,18.72,35.88,-205.12,22.54,-128.86,2.79,-14.82,-3.85,4.22,0.77,-0.29,0.66,-6.59,-8.26,-0.1,-0.19,1.07,0.49,0.22,0.78,0.59,3.85,
LUPA3,2.24,-15.79,-0.45,1.42,0.0,-318.66,0.0,1281.44,56.4,707.9,-160.0,13.86,-3.13,3.58,-0.81,0.12,0.54,-0.18,-5.73,1.57,-5.01,-0.02,-32.97,-25.73,4.09,10.28,-2.32,4.41,0.08,0.92,2.34,,
MAPT3,50.01,0.0,-264.1,-8.02,0.0,3.04,0.0,0.0,0.0,0.0,0.0,,-267.15,,-267.17,59.68,-11488.48,-59.68,,-6.24,-0.19,0.0,3.0,-22.6,0.0,,0.0,0.0,-7.44,8.45,0.0,,
NORD3,25.2,404.0,515.0,-1.19,0.0,-0.23,0.0,20.51,92.41,201.08,0.0,,64.18,,52.52,9.78,-3.47,-10.45,105.61,-21.13,0.05,0.09,-3.1,1.9,-0.26,,11.66,-0.27,-8.2,9.2,0.02,,
MNPR3,6.81,18.02,-3.37,-0.13,0.0,3.89,0.0,-5.83,29.39,14.0,0.0,,1.41,,1.41,0.2,-0.12,-0.36,0.2,-51.94,-2.02,1.03,-9.35,-6.02,0.0,,0.01,0.0,-1.55,2.55,0.21,4.6,
INEP3,30.4,279.53,-0.6,-0.12,0.0,19.06,0.0,-5666.99,19.59,-4227.4,0.0,,-3.17,,-0.81,0.18,-0.12,-0.22,34.22,-264.21,-50.35,0.01,21.53,-29.82,-0.34,,-2.38,-0.34,-1.57,2.57,0.1,-36.16,
MWET3,44.0,214.29,-3.45,-0.4,0.0,11.59,0.0,-18.22,12.18,-4.99,-1.92,-40.82,-15.67,-32.86,-12.61,0.5,-0.69,-0.68,0.63,-109.92,-12.74,0.79,5.39,-14.39,-0.33,-26.74,-10.26,-0.34,-1.24,2.24,0.27,3.41,
OSXB3,19.5,331.42,-0.12,-0.01,0.0,10.51,0.0,-4820.89,95.44,-1867.33,0.0,,-22.98,,-0.31,0.03,-0.12,-0.03,5.83,-1533.78,-161.26,0.01,61.15,-25.42,-0.92,,-22.67,-0.92,-2.42,3.42,0.03,,
AZEV3,7.22,3.74,,-0.16,0.0,0.0,0.0,0.0,0.0,0.0,0.0,,,,,0.69,-0.21,-1.62,,-46.49,0.0,0.0,0.0,0.0,0.0,,,0.0,-4.42,5.42,0.15,-100.0,
PPLA11,10.99,-65.76,,7733.29,0.0,0.0,0.0,0.0,0.0,0.0,0.0,,,,,10.85,-10.85,-10.85,,0.0,0.0,0.0,0.0,0.0,0.0,,,0.0,0.0,1.0,0.0,,-100.0
ADHM3,1.56,-40.0,-4.09,-1.29,0.0,31.45,0.0,0.0,0.0,0.0,0.0,,-5.69,,-5.69,106.0,-1.43,-117.23,,-1.21,-0.38,0.0,22.6,-2591.67,0.0,,0.0,0.0,-82.42,82.39,0.0,,
APTI3,4732.39,2294.45,,0.3,0.0,0.0,0.0,0.0,0.0,0.0,0.0,,,,,0.18,4.31,-0.22,,15943.0,0.0,0.0,0.0,0.0,0.03,,,0.18,0.6,0.4,1.32,-100.0,
NUTR3,221.0,567.67,0.68,1.75,0.0,256.15,0.0,18.84,6.91,1.46,0.0,,11.11,,8.84,0.41,1.37,-0.96,0.13,126.38,323.74,3.16,-36.02,59.44,0.45,,2.27,0.57,0.23,0.77,2.07,48.58,
PDGR3,6.45,-11.28,-0.06,-0.01,0.0,15.09,0.0,-395.26,13.08,-197.93,-196.77,-4.01,-3.99,-0.13,-0.13,0.03,-0.02,-0.13,0.25,-676.06,-102.0,0.12,13.38,-45.63,-0.29,-3.89,-3.86,-0.32,-3.02,4.02,0.36,-3.38,
HAGA3,3.13,-23.84,7.7,-0.49,0.0,-6.34,0.0,19.14,27.28,24.5,0.0,,5.13,,6.01,0.63,1.76,-3.67,1.47,-6.42,0.41,0.43,-15.97,8.16,-0.05,,0.62,-0.51,-1.29,2.29,1.76,-0.91,8.16
BDLL4,10.73,-34.97,-0.1,-0.11,0.0,108.25,0.0,-662.19,-60.27,-759.11,-729.4,-1.49,-1.43,-0.09,-0.09,0.03,-0.07,-0.04,0.69,-95.47,-103.34,0.04,-257.36,-24.25,-1.59,-1.34,-1.28,-1.59,-0.22,1.22,0.51,-37.64,
SLED3,1.0,-70.59,-0.15,-0.18,0.0,119.84,0.0,-114.29,29.89,-102.42,0.0,,-0.81,,-0.17,0.14,-1.08,-0.21,0.17,-5.48,-6.56,0.82,613.6,-93.75,-0.73,,-0.68,-0.82,-0.78,1.78,0.7,-26.91,
CALI3,98.18,0.0,-4.38,46.84,0.0,-1069.23,0.0,-51.51,-1.52,-51.82,-49.97,-4.81,-4.64,-4.52,-4.35,0.3,0.7,-0.68,2.26,2.1,-22.41,0.13,-24.86,-6.85,18.38,-1.77,-1.71,43.99,0.01,0.99,4.44,-9.82,
HOOT3,5.0,,-0.53,-0.21,0.0,38.81,0.0,-318.6,54.47,-284.86,-275.63,-0.47,-0.45,-0.62,-0.6,0.2,-0.16,-0.21,1.7,-24.12,-9.36,0.12,35.21,-36.83,0.01,0.02,0.02,0.0,-0.95,1.95,0.05,-17.79,
MGEL3,75.0,,-4.27,-0.9,0.0,21.09,0.0,-19.54,15.8,8.07,11.71,13.7,19.89,7.12,10.33,1.04,3.26,-2.88,0.83,-83.33,-17.57,1.25,13.88,-24.47,-1.34,10.64,15.44,-1.59,-1.16,2.16,2.01,4.0,
ESTR3,20.0,0.0,-0.69,-0.03,0.0,4.82,0.0,-22.09,47.63,11.89,14.9,4.82,6.04,1.02,1.28,0.07,-0.03,-0.14,0.15,-601.37,-29.0,0.43,-2.96,-9.56,-0.12,3.59,4.5,-0.12,-1.98,2.98,0.21,-5.52,
PPAR3,244.77,-99.9,-172.5,0.43,0.0,-0.25,-50.0,0.0,0.0,0.0,0.0,,-94.23,,-108.46,0.31,7.3,-0.32,,566.62,-1.42,0.0,-0.4,-0.18,-0.06,,14.23,0.0,0.72,0.28,249.0,,
CATA3,103.61,,1.08,0.12,0.0,11.03,0.02,9.74,11.29,-5.27,-1.02,-35.8,-6.91,-10.31,-1.99,0.07,0.31,-0.11,0.11,871.67,96.14,0.63,-4.47,6.09,0.29,-25.56,-4.94,0.4,0.55,0.45,2.07,-5.88,52.55
TCNO3,2.04,-31.08,-9.79,36.5,0.0,-372.97,0.0,0.0,0.0,0.0,0.0,,-31.99,,-9.79,0.06,-0.14,-0.07,,0.06,-0.21,0.0,-4.08,-0.59,90.44,,-24.25,90.46,0.0,1.0,0.29,-100.0,
FRTA3,4.99,25.38,5.28,-0.15,0.0,-2.91,0.0,12.81,40.22,-2.1,2.24,214.63,-228.47,30.26,-32.21,0.29,-0.13,-0.34,0.68,-32.42,0.94,0.43,23.66,5.5,-0.94,184.37,-196.26,-0.95,-1.89,2.89,0.06,-20.17,
JBDU3,2.44,-29.07,-2.84,0.37,0.0,-13.03,0.0,0.0,0.0,0.0,0.0,,-3.67,,-3.17,0.06,-0.37,-0.06,,6.59,-0.86,0.0,-9.96,-2.26,0.17,,-1.48,0.17,0.17,0.67,0.0,,
TEKA3,55.0,485.11,-0.24,-0.02,0.0,6.96,0.0,-89.43,18.64,-11.28,-7.76,-50.93,-35.04,-2.76,-1.9,0.03,-0.01,-0.03,0.21,-3292.92,-229.17,0.13,1.66,-11.78,-0.3,-49.23,-33.87,-0.3,-1.69,2.69,0.03,-4.06,
MTIG3,5.21,,0.11,0.05,0.0,42.52,0.0,9.7,11.76,-5.17,0.0,,-12.36,,-0.2,0.01,-0.06,-0.01,0.01,115.27,49.02,0.87,-48.16,8.44,2.47,,-10.88,2.51,0.2,0.8,0.72,-3.16,
SPRT3B,76.4,8388.89,-2717.31,-2850.24,0.0,104.89,0.0,0.0,0.0,0.0,0.0,,-2958.1,,-2958.1,34726.5,-2647.73,-34913.01,,-0.03,-0.03,0.0,96.35,-1277.98,0.0,,0.0,0.0,-12.18,13.11,0.0,,
HETA3,4.01,0.0,4.93,-0.01,0.0,-0.11,0.0,32.42,100.0,80.39,80.39,319.36,319.36,1.99,1.99,0.19,-0.05,-0.2,1.6,-750.28,0.81,0.12,-1.7,3.87,-0.85,315.43,315.43,-0.85,-35.73,36.73,0.02,-13.94,-32.9
CCXC3,1.16,0.0,-0.46,-0.04,0.0,8.09,0.0,0.0,0.0,0.0,0.0,,-0.74,,-0.74,0.2,-0.04,,,-31.4,-2.54,0.0,4.98,-43.42,0.0,,0.0,0.0,-5.37,6.37,0.16,,
CORR3,2.71,-77.42,-0.05,-0.01,0.0,28.43,0.0,-72.4,98.44,-80.73,0.0,,0.6,,-0.04,0.01,0.01,-0.02,0.03,-211.2,-60.04,0.17,37.85,-12.59,0.45,,1.43,0.0,-0.44,1.44,17.98,-5.3,
FBMC3,0.0,,0.0,0.0,0.0,24.19,0.0,-101.99,-60.78,-92.7,0.0,,-0.74,,0.0,0.0,0.0,0.0,0.0,-87.47,-21.16,0.36,25.82,-36.57,-0.15,,-0.68,-0.15,-1.51,2.51,0.31,,
NISS3,0.0,,,,0.0,0.0,0.0,0.0,0.0,0.0,0.0,,,,,,,,,,,,0.0,,,,,,,,,,
WNBR3,0.0,,,,0.0,0.0,0.0,0.0,0.0,0.0,0.0,,,,,,,,,,,,0.0,,,,,,,,,,
PCBU3,0.0,,,,0.0,0.0,0.0,0.0,0.0,0.0,0.0,,,,,,,,,,,,0.0,,,,,,,,,,
BRQB3,0.0,,0.0,0.0,0.0,34.51,69.0,8.67,31.86,13.57,0.0,,-0.99,,0.0,0.0,0.0,0.0,0.0,0.94,0.32,1.68,22.51,14.59,-0.53,,-0.99,0.63,0.42,0.58,2.26,7.15,
IGSN3,0.0,,0.0,0.0,0.0,4810.12,0.0,5.03,42.78,23.69,32.4,0.0,0.01,0.0,0.0,0.0,0.0,0.0,0.0,0.0,0.19,269.12,6325.78,1353.36,1.35,0.0,0.01,2.08,0.28,0.72,2.73,10.36,
FNCN3,0.0,,0.0,0.0,0.0,-17.6,0.0,-343.9,95.59,-343.9,0.0,,3.53,,0.0,0.0,0.0,0.0,0.0,12.62,-2.22,0.05,-17.6,-16.8,-0.62,,3.53,0.0,0.95,0.05,26.03,-35.06,
QUSW3,0.0,,0.0,0.0,0.0,13.46,0.0,5.07,27.63,13.1,14.33,0.5,0.54,0.0,0.0,0.0,0.0,0.0,0.0,56.3,7.58,1.14,13.92,5.76,0.19,0.5,0.54,0.59,0.43,0.57,1.41,14.0,72.3
ENJU3,16.31,59.12,-118.96,43.76,0.0,-36.79,0.0,-32.64,35.23,-29.97,0.0,,-126.34,,-129.54,29.17,55.77,-150.67,38.82,0.37,-0.14,0.75,-31.43,-24.52,-1.08,,3.2,0.08,0.67,0.33,2.85,,
TFCO4,13.0,40.54,35.17,34.33,0.0,97.62,0.0,12.18,55.16,15.96,21.03,19.35,25.49,20.37,26.83,3.02,56.45,-10.62,4.28,0.38,0.37,0.71,37.42,8.6,-1.72,-1.02,-1.34,1.12,0.09,0.91,1.08,,
INNT3,0.0,,0.0,0.0,0.0,2.56,0.0,0.76,21.81,3.3,4.63,9.61,13.46,0.0,0.0,0.0,0.0,0.0,0.0,0.9,0.02,0.34,0.51,0.26,1.5,9.61,13.46,2.39,0.1,0.9,1.58,24.56,-30.7
CONX3,0.0,,,,0.0,0.0,0.0,0.0,0.0,0.0,0.0,,,,,,,,,,,,0.0,,,,,,,,,,
STKF3,0.0,,0.0,0.0,0.0,4.38,3.0,12.9,48.18,27.19,51.24,1.73,3.26,0.0,0.0,0.0,0.0,0.0,0.0,6.27,0.27,0.19,5.52,2.5,0.3,1.73,3.26,0.46,0.57,0.43,1.13,11.07,
FTRT3B,0.0,,0.0,0.0,0.0,-0.95,0.0,0.0,0.0,0.0,0.0,,0.0,,0.0,0.0,0.0,0.0,,0.01,0.0,0.0,-2.42,-0.9,0.0,,0.0,0.0,0.95,0.05,0.0,,
ELFA3,0.0,,,,0.0,0.0,0.0,0.0,0.0,0.0,0.0,,,,,,,,,,,,0.0,,,,,,,,,,
AVLL3,22.99,-20.5,,,0.0,-648.05,0.0,-682.4,-47.96,-174.45,-161.17,-2.97,-2.74,,,,,,,,,0.09,-27.61,-62.12,4.55,-2.97,-2.74,5.0,0.1,0.9,1.2,,
HVAN3,0.0,,,,0.0,0.0,0.0,0.0,0.0,0.0,0.0,,,,,,,,,,,,0.0,,,,,,,,,,
PTCA3,0.0,,0.0,0.0,0.0,12.52,17.0,4.71,42.9,6.82,10.4,1.66,2.54,0.0,0.0,0.0,0.0,0.0,0.0,12.39,1.55,0.91,7.19,4.28,0.46,1.66,2.54,1.29,0.34,0.66,1.63,,
NRTQ3,7.42,,3.31,0.59,0.0,17.76,27.0,13.06,29.93,18.69,21.2,1.43,1.62,2.04,2.31,0.4,1.02,-1.06,0.43,12.63,2.24,0.94,17.66,12.23,-0.18,-0.61,-0.69,0.05,0.69,0.31,2.8,8.22,11.38
CTCA3,0.0,,0.0,0.0,0.0,7.29,24.0,16.83,64.04,23.48,0.0,,-2.26,,0.0,0.0,0.0,0.0,0.0,812.91,59.27,0.35,5.63,5.83,-0.23,,-2.26,0.18,0.8,0.2,3.8,18.08,15.26
FIGE3,0.0,,0.0,0.0,0.0,1.95,1.0,0.0,0.0,0.0,0.0,,-9.3,,0.0,0.0,0.0,0.0,,97.51,1.9,0.0,2.69,1.94,-0.35,,-9.3,0.0,1.0,0.0,598.79,,-22.16
CFLP3,0.0,,,,0.0,0.0,0.0,0.0,0.0,0.0,0.0,,,,,,,,,,,,0.0,,,,,,,,,,
AERI3,10.98,99.64,74.31,8.71,0.0,11.72,0.0,5.13,11.13,9.3,10.37,38.73,43.18,36.73,40.95,3.55,11.6,-11.97,3.81,1.26,0.15,0.93,9.41,4.78,0.47,2.0,2.23,1.18,0.41,0.59,1.77,,
BFRE11,0.0,,0.0,0.0,0.0,5.13,0.0,0.0,0.0,0.0,0.0,,-20.32,,0.0,0.0,0.0,0.0,,258884.24,13291.49,0.0,-0.72,4.9,-0.39,,-20.32,0.0,0.95,0.05,12.8,,
MMAQ3,-123.23,,-0.18,-0.03,0.0,18.06,27.0,6.49,8.02,7.66,0.0,,-1.78,,-0.15,-0.02,-0.04,0.12,-0.01,3787.07,683.84,1.92,15.89,12.48,-0.37,,-1.72,0.04,0.69,0.31,2.76,18.27,21.76
